,collaborative,description,href,id,images,name,primary_color,public,snapshot_id,type,uri,external_urls.spotify,owner.display_name,owner.external_urls.spotify,owner.href,owner.id,owner.type,owner.uri,tracks.href,tracks.total
0,False,Get happy with today's dose of feel-good songs!,https://api.spotify.com/v1/playlists/37i9dQZF1DX3rxVfibe1L0,37i9dQZF1DX3rxVfibe1L0,"[{'height': None, 'url': 'https://i.scdn.co/image/ab67706f00000003bd0e19e810bb4b55ab164a95', 'width': None}]",Mood Booster,,,MTY2MjY5NjAwMCwwMDAwMDAwMDVlMmJjNzg4ZGZlNTg2NzQ0ZTFiYTA2ZTM0OWFlODIx,playlist,spotify:playlist:37i9dQZF1DX3rxVfibe1L0,https://open.spotify.com/playlist/37i9dQZF1DX3rxVfibe1L0,Spotify,https://open.spotify.com/user/spotify,https://api.spotify.com/v1/users/spotify,spotify,user,spotify:user:spotify,https://api.spotify.com/v1/playlists/37i9dQZF1DX3rxVfibe1L0/tracks,76
1,False,"Feel-good <a href=""spotify:genre:edm_dance"">dance music</a>!",https://api.spotify.com/v1/playlists/37i9dQZF1DWSf2RDTDayIx,37i9dQZF1DWSf2RDTDayIx,"[{'height': None, 'url': 'https://i.scdn.co/image/ab67706f0000000325d50fa7cc51b307364050f5', 'width': None}]",Happy Beats,,,MTY2NTAwNTI1MCwwMDAwMDAwMDU3NWRiYzA1NjlhMjE1NmNlOWMyMDFlZWJiNDkxYWM5,playlist,spotify:playlist:37i9dQZF1DWSf2RDTDayIx,https://open.spotify.com/playlist/37i9dQZF1DWSf2RDTDayIx,Spotify,https://open.spotify.com/user/spotify,https://api.spotify.com/v1/users/spotify,spotify,user,spotify:user:spotify,https://api.spotify.com/v1/playlists/37i9dQZF1DWSf2RDTDayIx/tracks,150
2,False,Make your shower more uplifting by singing along to these hits.,https://api.spotify.com/v1/playlists/37i9dQZF1DWSqmBTGDYngZ,37i9dQZF1DWSqmBTGDYngZ,"[{'height': None, 'url': 'https://i.scdn.co/image/ab67706f0000000324893f0507c0fe2855565438', 'width': None}]",Songs to Sing in the Shower,,,MTY2NTA0NzM1NiwwMDAwMDAwMDc5ZDA0Njk3NzRkY2I0ODczYjgwZWZmY2FjNGNiZDdj,playlist,spotify:playlist:37i9dQZF1DWSqmBTGDYngZ,https://open.spotify.com/playlist/37i9dQZF1DWSqmBTGDYngZ,Spotify,https://open.spotify.com/user/spotify,https://api.spotify.com/v1/users/spotify,spotify,user,spotify:user:spotify,https://api.spotify.com/v1/playlists/37i9dQZF1DWSqmBTGDYngZ/tracks,200
3,False,"Softer kinda <a href=""spotify:genre:edm_dance"">dance</a>.",https://api.spotify.com/v1/playlists/37i9dQZF1DX6VdMW310YC7,37i9dQZF1DX6VdMW310YC7,"[{'height': None, 'url': 'https://i.scdn.co/image/ab67706f00000003aa3d57de0916a2fe3dc6fd56', 'width': None}]",Chill Tracks,,,MTY2NDUxMDQwMCwwMDAwMDAwMDljNzM2NDNlMzg0NTIzNTFlZTljZjdhOThmMThiM2E1,playlist,spotify:playlist:37i9dQZF1DX6VdMW310YC7,https://open.spotify.com/playlist/37i9dQZF1DX6VdMW310YC7,Spotify,https://open.spotify.com/user/spotify,https://api.spotify.com/v1/users/spotify,spotify,user,spotify:user:spotify,https://api.spotify.com/v1/playlists/37i9dQZF1DX6VdMW310YC7/tracks,200
4,False,Hits to boost your mood and fill you with happiness!,https://api.spotify.com/v1/playlists/37i9dQZF1DXdPec7aLTmlC,37i9dQZF1DXdPec7aLTmlC,"[{'height': None, 'url': 'https://i.scdn.co/image/ab67706f00000003b55b6074da1d43715fc16d6d', 'width': None}]",Happy Hits!,,,MTY2NDQ4ODgwMCwwMDAwMDAwMGMyYTRiYWM4NWVkMmFiY2ExNmI0OWMxMzAxMThhN2Y4,playlist,spotify:playlist:37i9dQZF1DXdPec7aLTmlC,https://open.spotify.com/playlist/37i9dQZF1DXdPec7aLTmlC,Spotify,https://open.spotify.com/user/spotify,https://api.spotify.com/v1/users/spotify,spotify,user,spotify:user:spotify,https://api.spotify.com/v1/playlists/37i9dQZF1DXdPec7aLTmlC/tracks,100
5,False,every main character needs their soundtrack,https://api.spotify.com/v1/playlists/37i9dQZF1DX4OzrY981I1W,37i9dQZF1DX4OzrY981I1W,"[{'height': None, 'url': 'https://i.scdn.co/image/ab67706f00000003f8d218723e5cf515b03a3c70', 'width': None}]",my life is a movie,,,MTY2NDgwODk1OCwwMDAwMDAwMDcwYzg2ZWZmYTM3MTkwMDc1ZjVjYzMxMTgzYzkzMjM5,playlist,spotify:playlist:37i9dQZF1DX4OzrY981I1W,https://open.spotify.com/playlist/37i9dQZF1DX4OzrY981I1W,Spotify,https://open.spotify.com/user/spotify,https://api.spotify.com/v1/users/spotify,spotify,user,spotify:user:spotify,https://api.spotify.com/v1/playlists/37i9dQZF1DX4OzrY981I1W/tracks,100
6,False,Feel great with these timelessly fun songs!,https://api.spotify.com/v1/playlists/37i9dQZF1DX7KNKjOK0o75,37i9dQZF1DX7KNKjOK0o75,"[{'height': None, 'url': 'https://i.scdn.co/image/ab67706f0000000386e40f3121af6df6566051c9', 'width': None}]",Have a Great Day!,,,MTY1NzA0NTI1NSwwMDAwMDAwMGNjMDk5MGFkNGU1NDE0NTRlNDU3NDNhOGYwMDJiNmFk,playlist,spotify:playlist:37i9dQZF1DX7KNKjOK0o75,https://open.spotify.com/playlist/37i9dQZF1DX7KNKjOK0o75,Spotify,https://open.spotify.com/user/spotify,https://api.spotify.com/v1/users/spotify,spotify,user,spotify:user:spotify,https://api.spotify.com/v1/playlists/37i9dQZF1DX7KNKjOK0o75/tracks,80
7,False,Feel good with this positively timeless playlist!,https://api.spotify.com/v1/playlists/37i9dQZF1DX9XIFQuFvzM4,37i9dQZF1DX9XIFQuFvzM4,"[{'height': None, 'url': 'https://i.scdn.co/image/ab67706f0000000313a02d059c0479e65a850267', 'width': None}]",Feelin' Good,,,MTY2MDE2ODU0MSwwMDAwMDAwMDlkMDZiMzU4Mjk3NDQ4OWNhZjAwMzc5ZDg4NmE1YzBj,playlist,spotify:playlist:37i9dQZF1DX9XIFQuFvzM4,https://open.spotify.com/playlist/37i9dQZF1DX9XIFQuFvzM4,Spotify,https://open.spotify.com/user/spotify,https://api.spotify.com/v1/users/spotify,spotify,user,spotify:user:spotify,https://api.spotify.com/v1/playlists/37i9dQZF1DX9XIFQuFvzM4/tracks,100
8,False,The best indie rock vibes — classic and current. ,https://api.spotify.com/v1/playlists/37i9dQZF1DX2sUQwD7tbmL,37i9dQZF1DX2sUQwD7tbmL,"[{'height': None, 'url': 'https://i.scdn.co/image/ab67706f000000032390c211511e2d985935b267', 'width': None}]",Feel-Good Indie Rock,,,MTY2NDUxNjA0MCwwMDAwMDAwMGE4NTFkYTc2N2EzMDI5MmI4ZmQ5NDg4ZDJkZWRkNTZi,playlist,spotify:playlist:37i9dQZF1DX2sUQwD7tbmL,https://open.spotify.com/playlist/37i9dQZF1DX2sUQwD7tbmL,Spotify,https://open.spotify.com/user/spotify,https://api.spotify.com/v1/users/spotify,spotify,user,spotify:user:spotify,https://api.spotify.com/v1/playlists/37i9dQZF1DX2sUQwD7tbmL/tracks,120
9,False,you up?,https://api.spotify.com/v1/playlists/37i9dQZF1DXdl6IPOySdX4,37i9dQZF1DXdl6IPOySdX4,"[{'height': None, 'url': 'https://i.scdn.co/image/ab67706f000000030d5e6f861f423ecfac53610b', 'width': None}]",goosebumps,,,MTY2NDQ1OTM4NCwwMDAwMDAwMGM5NDQ4ODY3ZWViYjdjOWM2ZmE4ZDgxZWQ3N2ZkNjk3,playlist,spotify:playlist:37i9dQZF1DXdl6IPOySdX4,https://open.spotify.com/playlist/37i9dQZF1DXdl6IPOySdX4,Spotify,https://open.spotify.com/user/spotify,https://api.spotify.com/v1/users/spotify,spotify,user,spotify:user:spotify,https://api.spotify.com/v1/playlists/37i9dQZF1DXdl6IPOySdX4/tracks,80
10,False,Set it off with these epic anthems. Only good vibes here!,https://api.spotify.com/v1/playlists/37i9dQZF1DWYBO1MoTDhZI,37i9dQZF1DWYBO1MoTDhZI,"[{'height': None, 'url': 'https://i.scdn.co/image/ab67706f000000037dc2a0fb4bfe0d07294f685e', 'width': None}]",Good Vibes,,,MTY2NDUxMDQwMCwwMDAwMDAwMGNjODJmMDY2YWM2YTk4OWZiZDQyOGVmY2I5YWM3NzM3,playlist,spotify:playlist:37i9dQZF1DWYBO1MoTDhZI,https://open.spotify.com/playlist/37i9dQZF1DWYBO1MoTDhZI,Spotify,https://open.spotify.com/user/spotify,https://api.spotify.com/v1/users/spotify,spotify,user,spotify:user:spotify,https://api.spotify.com/v1/playlists/37i9dQZF1DWYBO1MoTDhZI/tracks,80
11,False,play something that's very very vibe-worthy,https://api.spotify.com/v1/playlists/37i9dQZF1DX0E9XMGembJo,37i9dQZF1DX0E9XMGembJo,"[{'height': None, 'url': 'https://i.scdn.co/image/ab67706f00000003a9e1322caa711b3c585d65bf', 'width': None}]",DOPAMINE,,,MTY2NDQ2NjA4NiwwMDAwMDAwMGI3ZGU1YTNkNDUxMDBlM2YyNjAzNDA0N2Y4N2YyYTcy,playlist,spotify:playlist:37i9dQZF1DX0E9XMGembJo,https://open.spotify.com/playlist/37i9dQZF1DX0E9XMGembJo,Spotify,https://open.spotify.com/user/spotify,https://api.spotify.com/v1/users/spotify,spotify,user,spotify:user:spotify,https://api.spotify.com/v1/playlists/37i9dQZF1DX0E9XMGembJo/tracks,80
12,False,Need to get your energy level up?,https://api.spotify.com/v1/playlists/37i9dQZF1DX35X4JNyBWtb,37i9dQZF1DX35X4JNyBWtb,"[{'height': None, 'url': 'https://i.scdn.co/image/ab67706f00000003d8d473fcf275f04f49e59552', 'width': None}]",Energy Booster: Dance,,,MTY2NDI2NTg1MSwwMDAwMDAwMGFiMGU1NzQzOWNmYjEyODU3MTljYzM2ODRmYjlhOTRk,playlist,spotify:playlist:37i9dQZF1DX35X4JNyBWtb,https://open.spotify.com/playlist/37i9dQZF1DX35X4JNyBWtb,Spotify,https://open.spotify.com/user/spotify,https://api.spotify.com/v1/users/spotify,spotify,user,spotify:user:spotify,https://api.spotify.com/v1/playlists/37i9dQZF1DX35X4JNyBWtb/tracks,150
13,False,Need to get your energy level up?,https://api.spotify.com/v1/playlists/37i9dQZF1DWZixSclZdoFE,37i9dQZF1DWZixSclZdoFE,"[{'height': None, 'url': 'https://i.scdn.co/image/ab67706f0000000305949f1fa395a0cb49f865ae', 'width': None}]",Energy Booster: Hip-Hop,,,MTY2MzMyMDEyMSwwMDAwMDAwMGU5MmYwYzRkNDk2MDAyOWEzOWQ5OWRmMjg2NzI3YzMx,playlist,spotify:playlist:37i9dQZF1DWZixSclZdoFE,https://open.spotify.com/playlist/37i9dQZF1DWZixSclZdoFE,Spotify,https://open.spotify.com/user/spotify,https://api.spotify.com/v1/users/spotify,spotify,user,spotify:user:spotify,https://api.spotify.com/v1/playlists/37i9dQZF1DWZixSclZdoFE/tracks,150
14,False,Emo rap feels for the misunderstood. Cover: iann dior,https://api.spotify.com/v1/playlists/37i9dQZF1DX6xZZEgC9Ubl,37i9dQZF1DX6xZZEgC9Ubl,"[{'height': None, 'url': 'https://i.scdn.co/image/ab67706f0000000367afd593d420109c35ccbc65', 'width': None}]",tear drop,,,MTY2NDkxMjA0OCwwMDAwMDAwMGMwOGY3OWM5NjBkMDMyOGZkYzM5MTVmNTVmMGFjYTky,playlist,spotify:playlist:37i9dQZF1DX6xZZEgC9Ubl,https://open.spotify.com/playlist/37i9dQZF1DX6xZZEgC9Ubl,Spotify,https://open.spotify.com/user/spotify,https://api.spotify.com/v1/users/spotify,spotify,user,spotify:user:spotify,https://api.spotify.com/v1/playlists/37i9dQZF1DX6xZZEgC9Ubl/tracks,100
15,False,Big riffs and pounding drums to help you strut the streets.,https://api.spotify.com/v1/playlists/37i9dQZF1DX1tyCD9QhIWF,37i9dQZF1DX1tyCD9QhIWF,"[{'height': None, 'url': 'https://i.scdn.co/image/ab67706f0000000391f9c00775a1981920fb0ed8', 'width': None}]",Walk Like A Badass,,,MTY2MzExMjEwNCwwMDAwMDAwMDk1MzM1MGNkOGY5Y2ViNDEzNTY5OTA0ZGZjODUwNTg1,playlist,spotify:playlist:37i9dQZF1DX1tyCD9QhIWF,https://open.spotify.com/playlist/37i9dQZF1DX1tyCD9QhIWF,Spotify,https://open.spotify.com/user/spotify,https://api.spotify.com/v1/users/spotify,spotify,user,spotify:user:spotify,https://api.spotify.com/v1/playlists/37i9dQZF1DX1tyCD9QhIWF/tracks,50
16,False,The hip-hop playlist that's a whole mood. Art By Laci Jordan; Cover: Lakeyah,https://api.spotify.com/v1/playlists/37i9dQZF1DX6GwdWRQMQpq,37i9dQZF1DX6GwdWRQMQpq,"[{'height': None, 'url': 'https://i.scdn.co/image/ab67706f00000003c852be6f1d84c49ff486342c', 'width': None}]",Feelin' Myself,,,MTY2NDUxMDQ2MCwwMDAwMDAwMGNmZGM0ZmVhMGNkODlmZTdjMDk1Njg5YzA2ZDlmN2U5,playlist,spotify:playlist:37i9dQZF1DX6GwdWRQMQpq,https://open.spotify.com/playlist/37i9dQZF1DX6GwdWRQMQpq,Spotify,https://open.spotify.com/user/spotify,https://api.spotify.com/v1/users/spotify,spotify,user,spotify:user:spotify,https://api.spotify.com/v1/playlists/37i9dQZF1DX6GwdWRQMQpq/tracks,50
17,False,We hear you.,https://api.spotify.com/v1/playlists/37i9dQZF1DX59NCqCqJtoH,37i9dQZF1DX59NCqCqJtoH,"[{'height': None, 'url': 'https://i.scdn.co/image/ab67706f00000003e6fc98620cda649d45e42bc6', 'width': None}]",idk.,,,MTY2NDk3NTQzNywwMDAwMDAwMDcxMTgwOTRkMmJjYjI2YzJjYjZiYTIyODA2MjJlZmRi,playlist,spotify:playlist:37i9dQZF1DX59NCqCqJtoH,https://open.spotify.com/playlist/37i9dQZF1DX59NCqCqJtoH,Spotify,https://open.spotify.com/user/spotify,https://api.spotify.com/v1/users/spotify,spotify,user,spotify:user:spotify,https://api.spotify.com/v1/playlists/37i9dQZF1DX59NCqCqJtoH/tracks,100
18,False,"Curl up in your favorite spot with some sweet, mellow tunes...",https://api.spotify.com/v1/playlists/37i9dQZF1DX6ziVCJnEm59,37i9dQZF1DX6ziVCJnEm59,"[{'height': None, 'url': 'https://i.scdn.co/image/ab67706f000000035ae7aa0454c9eafdd6505fda', 'width': None}]",Your Favorite Coffeehouse,,,MTY1OTM3NDY4MiwwMDAwMDAwMGEwM2YyMjZiOTI5ZWU0MTRiMDViYWI4ZGRmYzVkZTRj,playlist,spotify:playlist:37i9dQZF1DX6ziVCJnEm59,https://open.spotify.com/playlist/37i9dQZF1DX6ziVCJnEm59,Spotify,https://open.spotify.com/user/spotify,https://api.spotify.com/v1/users/spotify,spotify,user,spotify:user:spotify,https://api.spotify.com/v1/playlists/37i9dQZF1DX6ziVCJnEm59/tracks,125
19,False,Having a bad day? We know how it feels!,https://api.spotify.com/v1/playlists/37i9dQZF1DX3YSRoSdA634,37i9dQZF1DX3YSRoSdA634,"[{'height': None, 'url': 'https://i.scdn.co/image/ab67706f00000003f5e3bf0413ec122f118e5f08', 'width': None}]",Life Sucks,,,MTY2NDUzOTIwMCwwMDAwMDAwMDNlNTNmMWY5YWY2N2RjNTQ3MWQ4ZjI1YjMwZDI1YzBl,playlist,spotify:playlist:37i9dQZF1DX3YSRoSdA634,https://open.spotify.com/playlist/37i9dQZF1DX3YSRoSdA634,Spotify,https://open.spotify.com/user/spotify,https://api.spotify.com/v1/users/spotify,spotify,user,spotify:user:spotify,https://api.spotify.com/v1/playlists/37i9dQZF1DX3YSRoSdA634/tracks,200
20,False,You're on top of the world. Don't forget it.,https://api.spotify.com/v1/playlists/37i9dQZF1DX4fpCWaHOned,37i9dQZF1DX4fpCWaHOned,"[{'height': None, 'url': 'https://i.scdn.co/image/ab67706f00000003ee1821c3e4d71dbeaacf3e51', 'width': None}]",Confidence Boost,,,MTY2NDk5MDkzOCwwMDAwMDAwMDk2ZmYxNTJhYjFlNDc2OThlODVjYWNkZTUzOWEyOGUx,playlist,spotify:playlist:37i9dQZF1DX4fpCWaHOned,https://open.spotify.com/playlist/37i9dQZF1DX4fpCWaHOned,Spotify,https://open.spotify.com/user/spotify,https://api.spotify.com/v1/users/spotify,spotify,user,spotify:user:spotify,https://api.spotify.com/v1/playlists/37i9dQZF1DX4fpCWaHOned/tracks,75
21,False,Wake up in your own pace with piano music.,https://api.spotify.com/v1/playlists/37i9dQZF1DX7cZxYLqLUJl,37i9dQZF1DX7cZxYLqLUJl,"[{'height': None, 'url': 'https://i.scdn.co/image/ab67706f0000000386de24710c7230fcb6e08c13', 'width': None}]",Wake Up Gently,,,MTY0NzU5Mzk0MCwwMDAwMDAwMDZlZWEyOTFhNzFkZDdhZTQ2ODRiNGM5Yjk4MGFkYWFm,playlist,spotify:playlist:37i9dQZF1DX7cZxYLqLUJl,https://open.spotify.com/playlist/37i9dQZF1DX7cZxYLqLUJl,Spotify,https://open.spotify.com/user/spotify,https://api.spotify.com/v1/users/spotify,spotify,user,spotify:user:spotify,https://api.spotify.com/v1/playlists/37i9dQZF1DX7cZxYLqLUJl/tracks,103
22,False,"Sapphic songs that defined your music taste as ""yearning"" ",https://api.spotify.com/v1/playlists/37i9dQZF1DWW2hj3ZtMbuO,37i9dQZF1DWW2hj3ZtMbuO,"[{'height': None, 'url': 'https://i.scdn.co/image/ab67706f00000003453a713a76d3a6ebed04951b', 'width': None}]",sad girl starter pack,,,MTY2MzkwNTYwMCwwMDAwMDAwMDY0ODdhMzViMGNmMzQ4NjQ0ODAyNDgwOWJjZjA0MDY1,playlist,spotify:playlist:37i9dQZF1DWW2hj3ZtMbuO,https://open.spotify.com/playlist/37i9dQZF1DWW2hj3ZtMbuO,Spotify,https://open.spotify.com/user/spotify,https://api.spotify.com/v1/users/spotify,spotify,user,spotify:user:spotify,https://api.spotify.com/v1/playlists/37i9dQZF1DWW2hj3ZtMbuO/tracks,75
23,False,"<a href=""spotify:genre:space:electronica_chill"">Hypnotic electronic</a> for studies and a relax.",https://api.spotify.com/v1/playlists/37i9dQZF1DWXLeA8Omikj7,37i9dQZF1DWXLeA8Omikj7,"[{'height': None, 'url': 'https://i.scdn.co/image/ab67706f000000031df043181e0a5b20707ce3a9', 'width': None}]",Brain Food,,,MTY2MjcxMDkxOCwwMDAwMDAwMDcwM2JiMTkxZjQyYmU5NGRiNDc5NDFkY2FlYWUyOTMw,playlist,spotify:playlist:37i9dQZF1DWXLeA8Omikj7,https://open.spotify.com/playlist/37i9dQZF1DWXLeA8Omikj7,Spotify,https://open.spotify.com/user/spotify,https://api.spotify.com/v1/users/spotify,spotify,user,spotify:user:spotify,https://api.spotify.com/v1/playlists/37i9dQZF1DWXLeA8Omikj7/tracks,100
24,False,"Curl up in your favorite spot with some sweet, mellow tunes...",https://api.spotify.com/v1/playlists/37i9dQZF1DX6ziVCJnEm59,37i9dQZF1DX6ziVCJnEm59,"[{'height': None, 'url': 'https://i.scdn.co/image/ab67706f000000035ae7aa0454c9eafdd6505fda', 'width': None}]",Your Favorite Coffeehouse,,,MTY1OTM3NDY4MiwwMDAwMDAwMGEwM2YyMjZiOTI5ZWU0MTRiMDViYWI4ZGRmYzVkZTRj,playlist,spotify:playlist:37i9dQZF1DX6ziVCJnEm59,https://open.spotify.com/playlist/37i9dQZF1DX6ziVCJnEm59,Spotify,https://open.spotify.com/user/spotify,https://api.spotify.com/v1/users/spotify,spotify,user,spotify:user:spotify,https://api.spotify.com/v1/playlists/37i9dQZF1DX6ziVCJnEm59/tracks,125
25,False,chill beats for cool coffeehouse vibes.,https://api.spotify.com/v1/playlists/37i9dQZF1DX9RwfGbeGQwP,37i9dQZF1DX9RwfGbeGQwP,"[{'height': None, 'url': 'https://i.scdn.co/image/ab67706f00000003f9ad4061443b5652521d1035', 'width': None}]",lofi cafe,,,MTY2NDQ5OTYwMCwwMDAwMDAwMDNhZTg2NDg1ZGE4NzUyZDQ2YTlhNzBhMWEzNzBjMDU1,playlist,spotify:playlist:37i9dQZF1DX9RwfGbeGQwP,https://open.spotify.com/playlist/37i9dQZF1DX9RwfGbeGQwP,Spotify,https://open.spotify.com/user/spotify,https://api.spotify.com/v1/users/spotify,spotify,user,spotify:user:spotify,https://api.spotify.com/v1/playlists/37i9dQZF1DX9RwfGbeGQwP/tracks,519
26,False,Acoustic covers of all your favourite songs.,https://api.spotify.com/v1/playlists/37i9dQZF1DWWiuGVvOB4uo,37i9dQZF1DWWiuGVvOB4uo,"[{'height': None, 'url': 'https://i.scdn.co/image/ab67706f00000003c2e433228238a261d18cb7eb', 'width': None}]",Cozy Coffeehouse Covers,,,MTY2NDQ2MTI1MSwwMDAwMDAwMDYxMzY1N2Q0ZmRkYzQ0MzI2M2Y4M2ExMWU5NzUxYmYw,playlist,spotify:playlist:37i9dQZF1DWWiuGVvOB4uo,https://open.spotify.com/playlist/37i9dQZF1DWWiuGVvOB4uo,Spotify,https://open.spotify.com/user/spotify,https://api.spotify.com/v1/users/spotify,spotify,user,spotify:user:spotify,https://api.spotify.com/v1/playlists/37i9dQZF1DWWiuGVvOB4uo/tracks,193
27,False,Relax to the sound of gentle instrumental Jazz.,https://api.spotify.com/v1/playlists/37i9dQZF1DWVqfgj8NZEp1,37i9dQZF1DWVqfgj8NZEp1,"[{'height': None, 'url': 'https://i.scdn.co/image/ab67706f000000033e7580e54c5e6672d564f170', 'width': None}]",Coffee Table Jazz,,,MTY2NDg2ODA0NCwwMDAwMDAwMDEwNmZkZWM3N2I2YzMzOTM1NzRlY2ZkN2ZlMWRhZDk2,playlist,spotify:playlist:37i9dQZF1DWVqfgj8NZEp1,https://open.spotify.com/playlist/37i9dQZF1DWVqfgj8NZEp1,Spotify,https://open.spotify.com/user/spotify,https://api.spotify.com/v1/users/spotify,spotify,user,spotify:user:spotify,https://api.spotify.com/v1/playlists/37i9dQZF1DWVqfgj8NZEp1/tracks,140
28,False,Elegant classical guitar to accompany your favourite Italian coffee.,https://api.spotify.com/v1/playlists/37i9dQZF1DWTJgU1HZwJwV,37i9dQZF1DWTJgU1HZwJwV,"[{'height': None, 'url': 'https://i.scdn.co/image/ab67706f0000000331696eafcbb943a6872e5d72', 'width': None}]",Coffee House Classical Guitar,,,MTY2Mzg5MTIwMCwwMDAwMDAwMDgzODcyYWIyNDc1ODM2OGNjZGUxYzdhNWQyMjdiMzYy,playlist,spotify:playlist:37i9dQZF1DWTJgU1HZwJwV,https://open.spotify.com/playlist/37i9dQZF1DWTJgU1HZwJwV,Spotify,https://open.spotify.com/user/spotify,https://api.spotify.com/v1/users/spotify,spotify,user,spotify:user:spotify,https://api.spotify.com/v1/playlists/37i9dQZF1DWTJgU1HZwJwV/tracks,176
29,False,The soulful tunes to ease you into your day.,https://api.spotify.com/v1/playlists/37i9dQZF1DXaXDsfv6nvZ5,37i9dQZF1DXaXDsfv6nvZ5,"[{'height': None, 'url': 'https://i.scdn.co/image/ab67706f00000003f2de418f550899021c7cabd0', 'width': None}]",Soul Coffee,,,MTY2NDc3NDgzMCwwMDAwMDAwMDRlNDdjZGJiN2QzOTZmYmZhNmJmMTAwODI5ZGExYWE2,playlist,spotify:playlist:37i9dQZF1DXaXDsfv6nvZ5,https://open.spotify.com/playlist/37i9dQZF1DXaXDsfv6nvZ5,Spotify,https://open.spotify.com/user/spotify,https://api.spotify.com/v1/users/spotify,spotify,user,spotify:user:spotify,https://api.spotify.com/v1/playlists/37i9dQZF1DXaXDsfv6nvZ5/tracks,75
30,False,You are sipping on your coffee in a café in Paris while a Jazz band plays somewhere in the background. ,https://api.spotify.com/v1/playlists/37i9dQZF1DXbehaqJzJXqw,37i9dQZF1DXbehaqJzJXqw,"[{'height': None, 'url': 'https://i.scdn.co/image/ab67706f00000003b8e8d5fbe2d62f9e18c3bbc3', 'width': None}]",French Jazz Café,,,MTY2NDg3MzI3MSwwMDAwMDAwMDljNjAwNjU2OWRmNDIxNmY2YzRkZmE3NWVhNDc3M2Nj,playlist,spotify:playlist:37i9dQZF1DXbehaqJzJXqw,https://open.spotify.com/playlist/37i9dQZF1DXbehaqJzJXqw,Spotify,https://open.spotify.com/user/spotify,https://api.spotify.com/v1/users/spotify,spotify,user,spotify:user:spotify,https://api.spotify.com/v1/playlists/37i9dQZF1DXbehaqJzJXqw/tracks,100
31,False,"A cup of Joe and the raw blues.
",https://api.spotify.com/v1/playlists/37i9dQZF1DX2Pqxel6mitp,37i9dQZF1DX2Pqxel6mitp,"[{'height': None, 'url': 'https://i.scdn.co/image/ab67706f00000003d7589c97517e6cab4ba38fae', 'width': None}]",Black Coffee Blues,,,MTY2NDU1OTg2OCwwMDAwMDAwMDBhMGIzMDBjMzQ2NjQzZTc5OWY3NDMwZGZkOGU5ODg2,playlist,spotify:playlist:37i9dQZF1DX2Pqxel6mitp,https://open.spotify.com/playlist/37i9dQZF1DX2Pqxel6mitp,Spotify,https://open.spotify.com/user/spotify,https://api.spotify.com/v1/users/spotify,spotify,user,spotify:user:spotify,https://api.spotify.com/v1/playlists/37i9dQZF1DX2Pqxel6mitp/tracks,75
32,False,"A pastoral, uplifting pan-African café sound.",https://api.spotify.com/v1/playlists/37i9dQZF1DX4ioFWie6Zm8,37i9dQZF1DX4ioFWie6Zm8,"[{'height': None, 'url': 'https://i.scdn.co/image/ab67706f000000033cbd6c7316e5efdff4c0a58c', 'width': None}]",Café Africa,,,MTY1OTY5OTk2MCwwMDAwMDAwMGJhMmQwMzRiOGM1NzkzMDZhZDFmNGE0NWFiZWFmYzJj,playlist,spotify:playlist:37i9dQZF1DX4ioFWie6Zm8,https://open.spotify.com/playlist/37i9dQZF1DX4ioFWie6Zm8,Spotify,https://open.spotify.com/user/spotify,https://api.spotify.com/v1/users/spotify,spotify,user,spotify:user:spotify,https://api.spotify.com/v1/playlists/37i9dQZF1DX4ioFWie6Zm8/tracks,84
33,False,Sit and sip a cup as you soak up some acoustic vibes from across the world. Cover: Souad Massi.,https://api.spotify.com/v1/playlists/37i9dQZF1DX571ttkrxAeN,37i9dQZF1DX571ttkrxAeN,"[{'height': None, 'url': 'https://i.scdn.co/image/ab67706f00000003000c42242fabcdbcaf341fb2', 'width': None}]",Acoustic Cafe International,,,MTY2NDIwNDI4OSwwMDAwMDAwMDViZWY2NGQ2OTVmOTJkNjE2MDM4MWNmOGI2ZGVkMjVj,playlist,spotify:playlist:37i9dQZF1DX571ttkrxAeN,https://open.spotify.com/playlist/37i9dQZF1DX571ttkrxAeN,Spotify,https://open.spotify.com/user/spotify,https://api.spotify.com/v1/users/spotify,spotify,user,spotify:user:spotify,https://api.spotify.com/v1/playlists/37i9dQZF1DX571ttkrxAeN/tracks,78
34,False,"Sabah al khair, start your day with extra cardamom and mellow tunes.",https://api.spotify.com/v1/playlists/37i9dQZF1DX9h1d4VhVGeh,37i9dQZF1DX9h1d4VhVGeh,"[{'height': None, 'url': 'https://i.scdn.co/image/ab67706f00000003541ab4af014682f0396ec045', 'width': None}]",Arabic Coffee,,,MTY2NDg3NDU0NSwwMDAwMDAwMDAwODVjZTkxNWJjNmFmMTZiOWJiODI2MTI2MTBlNGM2,playlist,spotify:playlist:37i9dQZF1DX9h1d4VhVGeh,https://open.spotify.com/playlist/37i9dQZF1DX9h1d4VhVGeh,Spotify,https://open.spotify.com/user/spotify,https://api.spotify.com/v1/users/spotify,spotify,user,spotify:user:spotify,https://api.spotify.com/v1/playlists/37i9dQZF1DX9h1d4VhVGeh/tracks,100
35,False,The Country Coffeehouse is open! Grab a cup and lean back to some low-key country.,https://api.spotify.com/v1/playlists/37i9dQZF1DWYiR2Uqcon0X,37i9dQZF1DWYiR2Uqcon0X,"[{'height': None, 'url': 'https://i.scdn.co/image/ab67706f000000031c853be1a053c7a3a24d69db', 'width': None}]",Country Coffeehouse,,,MTY2MzkwNTYwMCwwMDAwMDAwMDQzMmU5MmFmYmI1MGY0ZDgwYzMxNWIwNDliMDc2Yjdi,playlist,spotify:playlist:37i9dQZF1DWYiR2Uqcon0X,https://open.spotify.com/playlist/37i9dQZF1DWYiR2Uqcon0X,Spotify,https://open.spotify.com/user/spotify,https://api.spotify.com/v1/users/spotify,spotify,user,spotify:user:spotify,https://api.spotify.com/v1/playlists/37i9dQZF1DWYiR2Uqcon0X/tracks,75
36,False,Keep calm and enjoy this musical cafecito.,https://api.spotify.com/v1/playlists/37i9dQZF1DXa3NnZWk6Z3T,37i9dQZF1DXa3NnZWk6Z3T,"[{'height': None, 'url': 'https://i.scdn.co/image/ab67706f00000003b24eff729cc6fd8f207b3178', 'width': None}]",Café con Leche,,,MTY2Mzc4MzQ2NiwwMDAwMDAwMDAyZjA3MWZmMWExZDA2YTgyZDYxNDFlYzZmNzJiYzQ4,playlist,spotify:playlist:37i9dQZF1DXa3NnZWk6Z3T,https://open.spotify.com/playlist/37i9dQZF1DXa3NnZWk6Z3T,Spotify,https://open.spotify.com/user/spotify,https://api.spotify.com/v1/users/spotify,spotify,user,spotify:user:spotify,https://api.spotify.com/v1/playlists/37i9dQZF1DXa3NnZWk6Z3T/tracks,150
37,False,"Pegue seu café, ache um bom lugar para sentar, ajuste seu fone de ouvido e aproveite o momento.",https://api.spotify.com/v1/playlists/37i9dQZF1DWV6hddfqLW3Z,37i9dQZF1DWV6hddfqLW3Z,"[{'height': None, 'url': 'https://i.scdn.co/image/ab67706f00000003d50e7fc66c5862282ad6b436', 'width': None}]",Cafezinho,,,MTY2NDg5NjkwNSwwMDAwMDAwMDE5ZTYzYzI4NzQzYzNjMmRjNzEwNTgyZjViMGFjNzM5,playlist,spotify:playlist:37i9dQZF1DWV6hddfqLW3Z,https://open.spotify.com/playlist/37i9dQZF1DWV6hddfqLW3Z,Spotify,https://open.spotify.com/user/spotify,https://api.spotify.com/v1/users/spotify,spotify,user,spotify:user:spotify,https://api.spotify.com/v1/playlists/37i9dQZF1DWV6hddfqLW3Z/tracks,70
38,False,Chill Korean tunes that's perfect with your latte or americano. (카페와 어울리는 편안한 음악들을 감상하세요.),https://api.spotify.com/v1/playlists/37i9dQZF1DX5g856aiKiDS,37i9dQZF1DX5g856aiKiDS,"[{'height': None, 'url': 'https://i.scdn.co/image/ab67706f0000000362a9874085e91a05440a1cee', 'width': None}]",Dalkom Cafe,,,MTY2NDk0OTE1OSwwMDAwMDAwMGZmNzJiM2NmNzFjNmE4MTE5OTkyM2M1ZDRlOTc3MTcy,playlist,spotify:playlist:37i9dQZF1DX5g856aiKiDS,https://open.spotify.com/playlist/37i9dQZF1DX5g856aiKiDS,Spotify,https://open.spotify.com/user/spotify,https://api.spotify.com/v1/users/spotify,spotify,user,spotify:user:spotify,https://api.spotify.com/v1/playlists/37i9dQZF1DX5g856aiKiDS/tracks,50
39,False,A taste of French café culture; the charming sounds of the Parisian streets.,https://api.spotify.com/v1/playlists/37i9dQZF1DX0ZO4kBlpsIH,37i9dQZF1DX0ZO4kBlpsIH,"[{'height': None, 'url': 'https://i.scdn.co/image/ab67706f00000003bc65c7905b017dc0fb28a17d', 'width': None}]",Café de Paris,,,MTY1OTY5NjMzNywwMDAwMDAwMDQ5NmNmYmNkMmVkOGZmYjI2ZDNiOGExZTljMDMzMTk4,playlist,spotify:playlist:37i9dQZF1DX0ZO4kBlpsIH,https://open.spotify.com/playlist/37i9dQZF1DX0ZO4kBlpsIH,Spotify,https://open.spotify.com/user/spotify,https://api.spotify.com/v1/users/spotify,spotify,user,spotify:user:spotify,https://api.spotify.com/v1/playlists/37i9dQZF1DX0ZO4kBlpsIH/tracks,52
40,False,"Soft (the quietest of them all), subtle, no words needed. Take a sip and enjoy the music of composers from around the world.",https://api.spotify.com/v1/playlists/37i9dQZF1DX3TPMgP3ojGS,37i9dQZF1DX3TPMgP3ojGS,"[{'height': None, 'url': 'https://i.scdn.co/image/ab67706f00000003dfd8b99086f2c703cc76a1f1', 'width': None}]",Coffee and Piano,,,MTY2NDQzOTk5MywwMDAwMDAwMDUxYzk2NzE5MjdhNjE3NzNkMjU2ZTMxNmRjYmY2OWZj,playlist,spotify:playlist:37i9dQZF1DX3TPMgP3ojGS,https://open.spotify.com/playlist/37i9dQZF1DX3TPMgP3ojGS,Spotify,https://open.spotify.com/user/spotify,https://api.spotify.com/v1/users/spotify,spotify,user,spotify:user:spotify,https://api.spotify.com/v1/playlists/37i9dQZF1DX3TPMgP3ojGS/tracks,100
41,False,Hits to boost your mood and fill you with happiness!,https://api.spotify.com/v1/playlists/37i9dQZF1DXdPec7aLTmlC,37i9dQZF1DXdPec7aLTmlC,"[{'height': None, 'url': 'https://i.scdn.co/image/ab67706f00000003b55b6074da1d43715fc16d6d', 'width': None}]",Happy Hits!,,,MTY2NDQ4ODgwMCwwMDAwMDAwMGMyYTRiYWM4NWVkMmFiY2ExNmI0OWMxMzAxMThhN2Y4,playlist,spotify:playlist:37i9dQZF1DXdPec7aLTmlC,https://open.spotify.com/playlist/37i9dQZF1DXdPec7aLTmlC,Spotify,https://open.spotify.com/user/spotify,https://api.spotify.com/v1/users/spotify,spotify,user,spotify:user:spotify,https://api.spotify.com/v1/playlists/37i9dQZF1DXdPec7aLTmlC/tracks,100
42,False,Get happy with today's dose of feel-good songs!,https://api.spotify.com/v1/playlists/37i9dQZF1DX3rxVfibe1L0,37i9dQZF1DX3rxVfibe1L0,"[{'height': None, 'url': 'https://i.scdn.co/image/ab67706f00000003bd0e19e810bb4b55ab164a95', 'width': None}]",Mood Booster,,,MTY2MjY5NjAwMCwwMDAwMDAwMDVlMmJjNzg4ZGZlNTg2NzQ0ZTFiYTA2ZTM0OWFlODIx,playlist,spotify:playlist:37i9dQZF1DX3rxVfibe1L0,https://open.spotify.com/playlist/37i9dQZF1DX3rxVfibe1L0,Spotify,https://open.spotify.com/user/spotify,https://api.spotify.com/v1/users/spotify,spotify,user,spotify:user:spotify,https://api.spotify.com/v1/playlists/37i9dQZF1DX3rxVfibe1L0/tracks,76
43,False,"Feel-good <a href=""spotify:genre:edm_dance"">dance music</a>!",https://api.spotify.com/v1/playlists/37i9dQZF1DWSf2RDTDayIx,37i9dQZF1DWSf2RDTDayIx,"[{'height': None, 'url': 'https://i.scdn.co/image/ab67706f0000000325d50fa7cc51b307364050f5', 'width': None}]",Happy Beats,,,MTY2NTAwNTI1MCwwMDAwMDAwMDU3NWRiYzA1NjlhMjE1NmNlOWMyMDFlZWJiNDkxYWM5,playlist,spotify:playlist:37i9dQZF1DWSf2RDTDayIx,https://open.spotify.com/playlist/37i9dQZF1DWSf2RDTDayIx,Spotify,https://open.spotify.com/user/spotify,https://api.spotify.com/v1/users/spotify,spotify,user,spotify:user:spotify,https://api.spotify.com/v1/playlists/37i9dQZF1DWSf2RDTDayIx/tracks,150
44,False,The best indie rock vibes — classic and current. ,https://api.spotify.com/v1/playlists/37i9dQZF1DX2sUQwD7tbmL,37i9dQZF1DX2sUQwD7tbmL,"[{'height': None, 'url': 'https://i.scdn.co/image/ab67706f000000032390c211511e2d985935b267', 'width': None}]",Feel-Good Indie Rock,,,MTY2NDUxNjA0MCwwMDAwMDAwMGE4NTFkYTc2N2EzMDI5MmI4ZmQ5NDg4ZDJkZWRkNTZi,playlist,spotify:playlist:37i9dQZF1DX2sUQwD7tbmL,https://open.spotify.com/playlist/37i9dQZF1DX2sUQwD7tbmL,Spotify,https://open.spotify.com/user/spotify,https://api.spotify.com/v1/users/spotify,spotify,user,spotify:user:spotify,https://api.spotify.com/v1/playlists/37i9dQZF1DX2sUQwD7tbmL/tracks,120
45,False,Classical tunes to make you feel good. ,https://api.spotify.com/v1/playlists/37i9dQZF1DX5Lm1ZiObdc3,37i9dQZF1DX5Lm1ZiObdc3,"[{'height': None, 'url': 'https://i.scdn.co/image/ab67706f000000032006c28bcecfda6c7495afa2', 'width': None}]",Feel Good Classical,,,MTY2MDU1Njg5MywwMDAwMDAwMDk2NWVlYWI3MDUyOWY3ZDUxYWRhMjUzOTJjMjI2ZDVm,playlist,spotify:playlist:37i9dQZF1DX5Lm1ZiObdc3,https://open.spotify.com/playlist/37i9dQZF1DX5Lm1ZiObdc3,Spotify,https://open.spotify.com/user/spotify,https://api.spotify.com/v1/users/spotify,spotify,user,spotify:user:spotify,https://api.spotify.com/v1/playlists/37i9dQZF1DX5Lm1ZiObdc3/tracks,42
46,False,Uplifting and upbeat Jazz to get you in a good mood.,https://api.spotify.com/v1/playlists/37i9dQZF1DX5YTAi6JhwZm,37i9dQZF1DX5YTAi6JhwZm,"[{'height': None, 'url': 'https://i.scdn.co/image/ab67706f000000035e9fccfb567293bbdcadbb6a', 'width': None}]",Happy Jazz!,,,MTY2NDk1OTYwNywwMDAwMDAwMDM1NzA2NGUyZjQzNzRmZTYyOGFiMGVkOWMxOTQ5NTc2,playlist,spotify:playlist:37i9dQZF1DX5YTAi6JhwZm,https://open.spotify.com/playlist/37i9dQZF1DX5YTAi6JhwZm,Spotify,https://open.spotify.com/user/spotify,https://api.spotify.com/v1/users/spotify,spotify,user,spotify:user:spotify,https://api.spotify.com/v1/playlists/37i9dQZF1DX5YTAi6JhwZm/tracks,107
47,False,Brighten your day with a mix of folksy mood boosters.,https://api.spotify.com/v1/playlists/37i9dQZF1DWSkMjlBZAZ07,37i9dQZF1DWSkMjlBZAZ07,"[{'height': None, 'url': 'https://i.scdn.co/image/ab67706f0000000359edeb261802cea8bd40b1ff', 'width': None}]",Happy Folk,,,MTY2MzMwMDgwMCwwMDAwMDAwMGNlNzc5OTdjZTRmYWY0MmU4YTkxMWVjMWU2NzkxM2M1,playlist,spotify:playlist:37i9dQZF1DWSkMjlBZAZ07,https://open.spotify.com/playlist/37i9dQZF1DWSkMjlBZAZ07,Spotify,https://open.spotify.com/user/spotify,https://api.spotify.com/v1/users/spotify,spotify,user,spotify:user:spotify,https://api.spotify.com/v1/playlists/37i9dQZF1DWSkMjlBZAZ07/tracks,100
48,False,Feel great with these timelessly fun songs!,https://api.spotify.com/v1/playlists/37i9dQZF1DX7KNKjOK0o75,37i9dQZF1DX7KNKjOK0o75,"[{'height': None, 'url': 'https://i.scdn.co/image/ab67706f0000000386e40f3121af6df6566051c9', 'width': None}]",Have a Great Day!,,,MTY1NzA0NTI1NSwwMDAwMDAwMGNjMDk5MGFkNGU1NDE0NTRlNDU3NDNhOGYwMDJiNmFk,playlist,spotify:playlist:37i9dQZF1DX7KNKjOK0o75,https://open.spotify.com/playlist/37i9dQZF1DX7KNKjOK0o75,Spotify,https://open.spotify.com/user/spotify,https://api.spotify.com/v1/users/spotify,spotify,user,spotify:user:spotify,https://api.spotify.com/v1/playlists/37i9dQZF1DX7KNKjOK0o75/tracks,80
49,False,Set it off with these epic anthems. Only good vibes here!,https://api.spotify.com/v1/playlists/37i9dQZF1DWYBO1MoTDhZI,37i9dQZF1DWYBO1MoTDhZI,"[{'height': None, 'url': 'https://i.scdn.co/image/ab67706f000000037dc2a0fb4bfe0d07294f685e', 'width': None}]",Good Vibes,,,MTY2NDUxMDQwMCwwMDAwMDAwMGNjODJmMDY2YWM2YTk4OWZiZDQyOGVmY2I5YWM3NzM3,playlist,spotify:playlist:37i9dQZF1DWYBO1MoTDhZI,https://open.spotify.com/playlist/37i9dQZF1DWYBO1MoTDhZI,Spotify,https://open.spotify.com/user/spotify,https://api.spotify.com/v1/users/spotify,spotify,user,spotify:user:spotify,https://api.spotify.com/v1/playlists/37i9dQZF1DWYBO1MoTDhZI/tracks,80
50,False,Uplifting scores and soundtracks to make your heart happy.,https://api.spotify.com/v1/playlists/37i9dQZF1DWXahxq4Q8el6,37i9dQZF1DWXahxq4Q8el6,"[{'height': None, 'url': 'https://i.scdn.co/image/ab67706f00000003279ca03a43f62ab9caedc849', 'width': None}]",Feel Good Soundtracks,,,MTY2MzMwMDg2MCwwMDAwMDAwMDk1ZDQ5NGNmY2U2YmQ4ZjVlZWVmODQyODk2OGIyY2U1,playlist,spotify:playlist:37i9dQZF1DWXahxq4Q8el6,https://open.spotify.com/playlist/37i9dQZF1DWXahxq4Q8el6,Spotify,https://open.spotify.com/user/spotify,https://api.spotify.com/v1/users/spotify,spotify,user,spotify:user:spotify,https://api.spotify.com/v1/playlists/37i9dQZF1DWXahxq4Q8el6/tracks,56
51,False,alternative songs and a good time.,https://api.spotify.com/v1/playlists/37i9dQZF1DX2SK4ytI2KAZ,37i9dQZF1DX2SK4ytI2KAZ,"[{'height': None, 'url': 'https://i.scdn.co/image/ab67706f00000003338006c0d251f3fc0ac4789b', 'width': None}]",It's ALT Good!,,,MTY2NDMwNzMwMywwMDAwMDAwMGExNjBiN2E4N2NjYzdiZGYwYTdhYzFiOGFjM2M2MzY2,playlist,spotify:playlist:37i9dQZF1DX2SK4ytI2KAZ,https://open.spotify.com/playlist/37i9dQZF1DX2SK4ytI2KAZ,Spotify,https://open.spotify.com/user/spotify,https://api.spotify.com/v1/users/spotify,spotify,user,spotify:user:spotify,https://api.spotify.com/v1/playlists/37i9dQZF1DX2SK4ytI2KAZ/tracks,150
52,False,The Real hip-hop. Cover: Freddie Gibbs,https://api.spotify.com/v1/playlists/37i9dQZF1DX5hR0J49CmXC,37i9dQZF1DX5hR0J49CmXC,"[{'height': None, 'url': 'https://i.scdn.co/image/ab67706f00000003e6517933711524ad0e7bce83', 'width': None}]",Mind Right,,,MTY2NDU1MjUzNiwwMDAwMDAwMGY5ZGJkNzRhYzM2YWVkYTg4ZGQyYzI0NmEyMTVmYTM3,playlist,spotify:playlist:37i9dQZF1DX5hR0J49CmXC,https://open.spotify.com/playlist/37i9dQZF1DX5hR0J49CmXC,Spotify,https://open.spotify.com/user/spotify,https://api.spotify.com/v1/users/spotify,spotify,user,spotify:user:spotify,https://api.spotify.com/v1/playlists/37i9dQZF1DX5hR0J49CmXC/tracks,50
53,False,Happy and uplifting Jazz to get you in a good mood.,https://api.spotify.com/v1/playlists/37i9dQZF1DWZCkamcYMQkz,37i9dQZF1DWZCkamcYMQkz,"[{'height': None, 'url': 'https://i.scdn.co/image/ab67706f00000003a56d345c45efad4101b11771', 'width': None}]",Feel Good Jazz,,,MTY2NDg4Njg1MSwwMDAwMDAwMGQ3MmZjYzQxM2JhOTEyZTEzNzMwZjhiYjAyOTVlNjRi,playlist,spotify:playlist:37i9dQZF1DWZCkamcYMQkz,https://open.spotify.com/playlist/37i9dQZF1DWZCkamcYMQkz,Spotify,https://open.spotify.com/user/spotify,https://api.spotify.com/v1/users/spotify,spotify,user,spotify:user:spotify,https://api.spotify.com/v1/playlists/37i9dQZF1DWZCkamcYMQkz/tracks,100
54,False,Feel good with this positively timeless playlist!,https://api.spotify.com/v1/playlists/37i9dQZF1DX9XIFQuFvzM4,37i9dQZF1DX9XIFQuFvzM4,"[{'height': None, 'url': 'https://i.scdn.co/image/ab67706f0000000313a02d059c0479e65a850267', 'width': None}]",Feelin' Good,,,MTY2MDE2ODU0MSwwMDAwMDAwMDlkMDZiMzU4Mjk3NDQ4OWNhZjAwMzc5ZDg4NmE1YzBj,playlist,spotify:playlist:37i9dQZF1DX9XIFQuFvzM4,https://open.spotify.com/playlist/37i9dQZF1DX9XIFQuFvzM4,Spotify,https://open.spotify.com/user/spotify,https://api.spotify.com/v1/users/spotify,spotify,user,spotify:user:spotify,https://api.spotify.com/v1/playlists/37i9dQZF1DX9XIFQuFvzM4/tracks,100
55,False,Uplifting instrumental beats to brighten your day.,https://api.spotify.com/v1/playlists/37i9dQZF1DXcNb6Ba0LuVc,37i9dQZF1DXcNb6Ba0LuVc,"[{'height': None, 'url': 'https://i.scdn.co/image/ab67706f000000030f97f05e44adab4a249fd719', 'width': None}]",Feel Good Beats,,,MTY2NDQ5OTYwMCwwMDAwMDAwMGU5ZDA1OTQ0YmVhOGUwOWRmNDY5YWI4NzZlMTA2Yzc2,playlist,spotify:playlist:37i9dQZF1DXcNb6Ba0LuVc,https://open.spotify.com/playlist/37i9dQZF1DXcNb6Ba0LuVc,Spotify,https://open.spotify.com/user/spotify,https://api.spotify.com/v1/users/spotify,spotify,user,spotify:user:spotify,https://api.spotify.com/v1/playlists/37i9dQZF1DXcNb6Ba0LuVc/tracks,208
56,False,"Chill, tropical vibes only.",https://api.spotify.com/v1/playlists/37i9dQZF1DXbtuVQL4zoey,37i9dQZF1DXbtuVQL4zoey,"[{'height': None, 'url': 'https://i.scdn.co/image/ab67706f0000000385305faef8dac6072bf73b76', 'width': None}]",Sunny Beats,,,MTY2NDQ5OTYwMCwwMDAwMDAwMDVmMTU5MTE2YmFkYjNjZTFiNzUzNTZiOTRlZDc3ZGE3,playlist,spotify:playlist:37i9dQZF1DXbtuVQL4zoey,https://open.spotify.com/playlist/37i9dQZF1DXbtuVQL4zoey,Spotify,https://open.spotify.com/user/spotify,https://api.spotify.com/v1/users/spotify,spotify,user,spotify:user:spotify,https://api.spotify.com/v1/playlists/37i9dQZF1DXbtuVQL4zoey/tracks,281
57,False,"Blue skies, nothing but blue skies. Sun in your eyes and uplifting jazz in your ears on a sunny day.",https://api.spotify.com/v1/playlists/37i9dQZF1DX0tnKPLNG9Ld,37i9dQZF1DX0tnKPLNG9Ld,"[{'height': None, 'url': 'https://i.scdn.co/image/ab67706f000000039c21b55a0ee92e081a0f6283', 'width': None}]",Sunny Day Jazz,,,MTY2NTA0MTI4OCwwMDAwMDAwMDQzODU5N2FlY2JiZDQ0NTJjYjQwMzMzODhlNTM2NDY1,playlist,spotify:playlist:37i9dQZF1DX0tnKPLNG9Ld,https://open.spotify.com/playlist/37i9dQZF1DX0tnKPLNG9Ld,Spotify,https://open.spotify.com/user/spotify,https://api.spotify.com/v1/users/spotify,spotify,user,spotify:user:spotify,https://api.spotify.com/v1/playlists/37i9dQZF1DX0tnKPLNG9Ld/tracks,100
58,False,Grab your dancing shoes and strut your stuff with these upbeat blues numbers.,https://api.spotify.com/v1/playlists/37i9dQZF1DXaPpS4GmGB4L,37i9dQZF1DXaPpS4GmGB4L,"[{'height': None, 'url': 'https://i.scdn.co/image/ab67706f0000000309ae4e9b3cef9bd75e5a45ed', 'width': None}]",Upbeat Blues,,,MTY2NDg4NzQ3NiwwMDAwMDAwMGNiZDc4N2I1NmYyYTk1NWJmODdiZmNjY2NiNzhlMjZh,playlist,spotify:playlist:37i9dQZF1DXaPpS4GmGB4L,https://open.spotify.com/playlist/37i9dQZF1DXaPpS4GmGB4L,Spotify,https://open.spotify.com/user/spotify,https://api.spotify.com/v1/users/spotify,spotify,user,spotify:user:spotify,https://api.spotify.com/v1/playlists/37i9dQZF1DXaPpS4GmGB4L/tracks,50
59,False,Kick back to the best new and recent chill hits.,https://api.spotify.com/v1/playlists/37i9dQZF1DX4WYpdgoIcn6,37i9dQZF1DX4WYpdgoIcn6,"[{'height': None, 'url': 'https://i.scdn.co/image/ab67706f00000003467a38f82a338f9fe3ae9773', 'width': None}]",Chill Hits,,,MTY2NDQ4ODgwMCwwMDAwMDAwMDg2YTRhZGRlOGNmMWNiZTA3NGRhNzhhNTliMGE3OTM3,playlist,spotify:playlist:37i9dQZF1DX4WYpdgoIcn6,https://open.spotify.com/playlist/37i9dQZF1DX4WYpdgoIcn6,Spotify,https://open.spotify.com/user/spotify,https://api.spotify.com/v1/users/spotify,spotify,user,spotify:user:spotify,https://api.spotify.com/v1/playlists/37i9dQZF1DX4WYpdgoIcn6/tracks,130
60,False,"Softer kinda <a href=""spotify:genre:edm_dance"">dance</a>.",https://api.spotify.com/v1/playlists/37i9dQZF1DX6VdMW310YC7,37i9dQZF1DX6VdMW310YC7,"[{'height': None, 'url': 'https://i.scdn.co/image/ab67706f00000003aa3d57de0916a2fe3dc6fd56', 'width': None}]",Chill Tracks,,,MTY2NDUxMDQwMCwwMDAwMDAwMDljNzM2NDNlMzg0NTIzNTFlZTljZjdhOThmMThiM2E1,playlist,spotify:playlist:37i9dQZF1DX6VdMW310YC7,https://open.spotify.com/playlist/37i9dQZF1DX6VdMW310YC7,Spotify,https://open.spotify.com/user/spotify,https://api.spotify.com/v1/users/spotify,spotify,user,spotify:user:spotify,https://api.spotify.com/v1/playlists/37i9dQZF1DX6VdMW310YC7/tracks,200
61,False,"The chillest beats to help you relax, study, code, and focus.",https://api.spotify.com/v1/playlists/37i9dQZF1DWWQRwui0ExPn,37i9dQZF1DWWQRwui0ExPn,"[{'height': None, 'url': 'https://i.scdn.co/image/ab67706f00000003abaf6c3c6a4b29f8a4565a86', 'width': None}]",lofi beats,,,MTY2NDQ5OTYwMCwwMDAwMDAwMDZjZTBlZWNhNmY3NzgxOTc4MDk4YzMzZGVkYzVlZmFj,playlist,spotify:playlist:37i9dQZF1DWWQRwui0ExPn,https://open.spotify.com/playlist/37i9dQZF1DWWQRwui0ExPn,Spotify,https://open.spotify.com/user/spotify,https://api.spotify.com/v1/users/spotify,spotify,user,spotify:user:spotify,https://api.spotify.com/v1/playlists/37i9dQZF1DWWQRwui0ExPn/tracks,1000
62,False,Soft instrumental Jazz for all your activities.,https://api.spotify.com/v1/playlists/37i9dQZF1DWV7EzJMK2FUI,37i9dQZF1DWV7EzJMK2FUI,"[{'height': None, 'url': 'https://i.scdn.co/image/ab67706f000000036808b15e5db5e5569aae1471', 'width': None}]",Jazz in the Background,,,MTY2NDQ4ODg2MCwwMDAwMDAwMGEwYzM1YjY0ZTFhNjgyMzRlZjM4M2IzNTE2ODQ3NjYw,playlist,spotify:playlist:37i9dQZF1DWV7EzJMK2FUI,https://open.spotify.com/playlist/37i9dQZF1DWV7EzJMK2FUI,Spotify,https://open.spotify.com/user/spotify,https://api.spotify.com/v1/users/spotify,spotify,user,spotify:user:spotify,https://api.spotify.com/v1/playlists/37i9dQZF1DWV7EzJMK2FUI/tracks,370
63,False,"Forget it and disappear with chill <a href=""spotify:genre:edm_dance"">house</a>.",https://api.spotify.com/v1/playlists/37i9dQZF1DX2TRYkJECvfC,37i9dQZF1DX2TRYkJECvfC,"[{'height': None, 'url': 'https://i.scdn.co/image/ab67706f0000000336b7c4ece12f6a254f41d5c1', 'width': None}]",Deep House Relax,,,MTY2MTc4MjU0NywwMDAwMDAwMGY5MmZlOGY4MzFkYjVmMjM4NjA1ZTk3MjU0ZGQxNjc4,playlist,spotify:playlist:37i9dQZF1DX2TRYkJECvfC,https://open.spotify.com/playlist/37i9dQZF1DX2TRYkJECvfC,Spotify,https://open.spotify.com/user/spotify,https://api.spotify.com/v1/users/spotify,spotify,user,spotify:user:spotify,https://api.spotify.com/v1/playlists/37i9dQZF1DX2TRYkJECvfC/tracks,200
64,False,The easy listening sound of Jazz. Cover: Norah Jones,https://api.spotify.com/v1/playlists/37i9dQZF1DWT4nLmUaFDGb,37i9dQZF1DWT4nLmUaFDGb,"[{'height': None, 'url': 'https://i.scdn.co/image/ab67706f0000000390d8df7e39072c0ce27be78d', 'width': None}]",Easy Jazz,,,MTY2NDgwNTU5NCwwMDAwMDAwMGJhZjUzODQ1MDk3YmIyYmJkMGQzMjE2ZTZhYjgwN2Rl,playlist,spotify:playlist:37i9dQZF1DWT4nLmUaFDGb,https://open.spotify.com/playlist/37i9dQZF1DWT4nLmUaFDGb,Spotify,https://open.spotify.com/user/spotify,https://api.spotify.com/v1/users/spotify,spotify,user,spotify:user:spotify,https://api.spotify.com/v1/playlists/37i9dQZF1DWT4nLmUaFDGb/tracks,150
65,False,Slow burners for late nights.,https://api.spotify.com/v1/playlists/37i9dQZF1DXdQvOLqzNHSW,37i9dQZF1DXdQvOLqzNHSW,"[{'height': None, 'url': 'https://i.scdn.co/image/ab67706f000000033df638bf5c33922ceb4c185a', 'width': None}]",late night vibes,,,MTY2NDkwNjYxMywwMDAwMDAwMDc1YTYyMWQxZTY2MmQ0MTdlOTQxMDRjYjk0NWE2MWQ2,playlist,spotify:playlist:37i9dQZF1DXdQvOLqzNHSW,https://open.spotify.com/playlist/37i9dQZF1DXdQvOLqzNHSW,Spotify,https://open.spotify.com/user/spotify,https://api.spotify.com/v1/users/spotify,spotify,user,spotify:user:spotify,https://api.spotify.com/v1/playlists/37i9dQZF1DXdQvOLqzNHSW/tracks,75
66,False,Chilled songs that you are familiar with - no surprises!,https://api.spotify.com/v1/playlists/37i9dQZF1DWYWddJiPzbvb,37i9dQZF1DWYWddJiPzbvb,"[{'height': None, 'url': 'https://i.scdn.co/image/ab67706f00000003a86f06fb337166fc5047efee', 'width': None}]",Comfort Zone,,,MTY2MzkxNTU0MSwwMDAwMDAwMDU3N2I1MTRiMDMyNmRlMzVkODcxYzQxOWM1YWRjNDM3,playlist,spotify:playlist:37i9dQZF1DWYWddJiPzbvb,https://open.spotify.com/playlist/37i9dQZF1DWYWddJiPzbvb,Spotify,https://open.spotify.com/user/spotify,https://api.spotify.com/v1/users/spotify,spotify,user,spotify:user:spotify,https://api.spotify.com/v1/playlists/37i9dQZF1DWYWddJiPzbvb/tracks,200
67,False,Just chill.,https://api.spotify.com/v1/playlists/37i9dQZF1DX889U0CL85jj,37i9dQZF1DX889U0CL85jj,"[{'height': None, 'url': 'https://i.scdn.co/image/ab67706f00000003f2d08778548e125bcb867692', 'width': None}]",Chill Vibes,,,MTY2NDg5ODU3NiwwMDAwMDAwMDY1MGU5OGVjNGI3ZTI4M2IwZjY3OTNhNzE4ZWZmZjBj,playlist,spotify:playlist:37i9dQZF1DX889U0CL85jj,https://open.spotify.com/playlist/37i9dQZF1DX889U0CL85jj,Spotify,https://open.spotify.com/user/spotify,https://api.spotify.com/v1/users/spotify,spotify,user,spotify:user:spotify,https://api.spotify.com/v1/playlists/37i9dQZF1DX889U0CL85jj/tracks,149
68,False,"Tune in, bliss out",https://api.spotify.com/v1/playlists/37i9dQZF1DX0FJ8JYkqiJu,37i9dQZF1DX0FJ8JYkqiJu,"[{'height': None, 'url': 'https://i.scdn.co/image/ab67706f00000003719586de761e1ff231672faa', 'width': None}]",Just Chill,,,MTY2NDQ2MDAwMCwwMDAwMDAwMDkwMmY2NTYyYzk5NGI0OTgyZTcwNWQzMWM2YTU2ODAz,playlist,spotify:playlist:37i9dQZF1DX0FJ8JYkqiJu,https://open.spotify.com/playlist/37i9dQZF1DX0FJ8JYkqiJu,Spotify,https://open.spotify.com/user/spotify,https://api.spotify.com/v1/users/spotify,spotify,user,spotify:user:spotify,https://api.spotify.com/v1/playlists/37i9dQZF1DX0FJ8JYkqiJu/tracks,70
69,False,Let your worries and cares slip away.,https://api.spotify.com/v1/playlists/37i9dQZF1DWU0ScTcjJBdj,37i9dQZF1DWU0ScTcjJBdj,"[{'height': None, 'url': 'https://i.scdn.co/image/ab67706f0000000351548f92c40cd454d0e16fd7', 'width': None}]",Relax & Unwind,,,MTY1OTUzODIxNywwMDAwMDAwMGE5NTNlMjVjOWU5MGIwODQ5ZTA3OTk0OGY2NzlkNDZh,playlist,spotify:playlist:37i9dQZF1DWU0ScTcjJBdj,https://open.spotify.com/playlist/37i9dQZF1DWU0ScTcjJBdj,Spotify,https://open.spotify.com/user/spotify,https://api.spotify.com/v1/users/spotify,spotify,user,spotify:user:spotify,https://api.spotify.com/v1/playlists/37i9dQZF1DWU0ScTcjJBdj/tracks,126
70,False,The original chill instrumental beats playlist.,https://api.spotify.com/v1/playlists/37i9dQZF1DX0SM0LYsmbMT,37i9dQZF1DX0SM0LYsmbMT,"[{'height': None, 'url': 'https://i.scdn.co/image/ab67706f000000035ea54b91b073c2776b966e7b', 'width': None}]",Jazz Vibes,,,MTY2Mzg4NDAwMCwwMDAwMDAwMGI3MmM3ZmMzYjgyZjhmNGVlNWU3NDNjMjQ2ZjhhYzMy,playlist,spotify:playlist:37i9dQZF1DX0SM0LYsmbMT,https://open.spotify.com/playlist/37i9dQZF1DX0SM0LYsmbMT,Spotify,https://open.spotify.com/user/spotify,https://api.spotify.com/v1/users/spotify,spotify,user,spotify:user:spotify,https://api.spotify.com/v1/playlists/37i9dQZF1DX0SM0LYsmbMT/tracks,300
71,False,Slow down with some calming keys.,https://api.spotify.com/v1/playlists/37i9dQZF1DX1s9knjP51Oa,37i9dQZF1DX1s9knjP51Oa,"[{'height': None, 'url': 'https://i.scdn.co/image/ab67706f0000000360c0432458abee4f6aa4000f', 'width': None}]",Calm Vibes,,,MTY2NDg5MDE2MywwMDAwMDAwMDZlNTlkODc5NWYzMzdiOTc2OTZkY2E0MDZjZjY3YzU0,playlist,spotify:playlist:37i9dQZF1DX1s9knjP51Oa,https://open.spotify.com/playlist/37i9dQZF1DX1s9knjP51Oa,Spotify,https://open.spotify.com/user/spotify,https://api.spotify.com/v1/users/spotify,spotify,user,spotify:user:spotify,https://api.spotify.com/v1/playlists/37i9dQZF1DX1s9knjP51Oa/tracks,322
72,False,"Don't stress out. Stay relaxed with these easy, upbeat songs.",https://api.spotify.com/v1/playlists/37i9dQZF1DWT7XSlwvR1ar,37i9dQZF1DWT7XSlwvR1ar,"[{'height': None, 'url': 'https://i.scdn.co/image/ab67706f00000003b25e0e9cdd7e55a0ea3ff0e6', 'width': None}]",Totally Stress Free,,,MTY2NDUxMDQ2MCwwMDAwMDAwMDc5ZjdmMjU2ODQ2ZjljODNlODczYjA5OGNmNzQwMTMz,playlist,spotify:playlist:37i9dQZF1DWT7XSlwvR1ar,https://open.spotify.com/playlist/37i9dQZF1DWT7XSlwvR1ar,Spotify,https://open.spotify.com/user/spotify,https://api.spotify.com/v1/users/spotify,spotify,user,spotify:user:spotify,https://api.spotify.com/v1/playlists/37i9dQZF1DWT7XSlwvR1ar/tracks,100
73,False,Soft house music for your laidback moments.,https://api.spotify.com/v1/playlists/37i9dQZF1DX82pCGH5USnM,37i9dQZF1DX82pCGH5USnM,"[{'height': None, 'url': 'https://i.scdn.co/image/ab67706f0000000304c4c53344f46e15b169eedf', 'width': None}]",Lounge - Soft House,,,MTY2Mzg5NDgwMCwwMDAwMDAwMDU3OTA1ZTYyMDIwMWZmZjczOWVhYjJkNjdiYWIyZWZm,playlist,spotify:playlist:37i9dQZF1DX82pCGH5USnM,https://open.spotify.com/playlist/37i9dQZF1DX82pCGH5USnM,Spotify,https://open.spotify.com/user/spotify,https://api.spotify.com/v1/users/spotify,spotify,user,spotify:user:spotify,https://api.spotify.com/v1/playlists/37i9dQZF1DX82pCGH5USnM/tracks,215
74,False,The most calming classical music.,https://api.spotify.com/v1/playlists/37i9dQZF1DWVFeEut75IAL,37i9dQZF1DWVFeEut75IAL,"[{'height': None, 'url': 'https://i.scdn.co/image/ab67706f00000003d4d256fb7cfeb0f512e6c1d1', 'width': None}]",Calming Classical,,,MTY2NDg3NTEyMywwMDAwMDAwMGI4NDBlODg5YWYxZmYxNjZmMDRlMGY4ZGIxZjI4OWM3,playlist,spotify:playlist:37i9dQZF1DWVFeEut75IAL,https://open.spotify.com/playlist/37i9dQZF1DWVFeEut75IAL,Spotify,https://open.spotify.com/user/spotify,https://api.spotify.com/v1/users/spotify,spotify,user,spotify:user:spotify,https://api.spotify.com/v1/playlists/37i9dQZF1DWVFeEut75IAL/tracks,63
75,False,"slowed, reverbed, chopped and screwed.",https://api.spotify.com/v1/playlists/37i9dQZF1DX0h2LvJ7ZJ15,37i9dQZF1DX0h2LvJ7ZJ15,"[{'height': None, 'url': 'https://i.scdn.co/image/ab67706f00000003153666f68ec6c5e7970192e4', 'width': None}]",slowed and reverbed,,,MTY2NDIwMjcxMCwwMDAwMDAwMDFjNjYxMTNjZTFkZTViMTc3MWFlYTFkOGU0Y2NlNDA1,playlist,spotify:playlist:37i9dQZF1DX0h2LvJ7ZJ15,https://open.spotify.com/playlist/37i9dQZF1DX0h2LvJ7ZJ15,Spotify,https://open.spotify.com/user/spotify,https://api.spotify.com/v1/users/spotify,spotify,user,spotify:user:spotify,https://api.spotify.com/v1/playlists/37i9dQZF1DX0h2LvJ7ZJ15/tracks,50
76,False,The ultimate chill out playlist.,https://api.spotify.com/v1/playlists/37i9dQZF1DX32oVqaQE8BM,37i9dQZF1DX32oVqaQE8BM,"[{'height': None, 'url': 'https://i.scdn.co/image/ab67706f00000003fe13c74ea8ae4008b4be1b9b', 'width': None}]",Chill Out Music,,,MTY2Mzg5NDgwMCwwMDAwMDAwMDI4MDgyZDJjZTdhNTQ4MTg1ZDVmYmI5OWMyYjM0NzNi,playlist,spotify:playlist:37i9dQZF1DX32oVqaQE8BM,https://open.spotify.com/playlist/37i9dQZF1DX32oVqaQE8BM,Spotify,https://open.spotify.com/user/spotify,https://api.spotify.com/v1/users/spotify,spotify,user,spotify:user:spotify,https://api.spotify.com/v1/playlists/37i9dQZF1DX32oVqaQE8BM/tracks,182
77,False,Unwind to these calm classical guitar pieces.,https://api.spotify.com/v1/playlists/37i9dQZF1DX0jgyAiPl8Af,37i9dQZF1DX0jgyAiPl8Af,"[{'height': None, 'url': 'https://i.scdn.co/image/ab67706f00000003c1811d50fbd4df02ea3b06a3', 'width': None}]",Peaceful Guitar,,,MTY2Mzg5MTIwMCwwMDAwMDAwMGE2NzE3ODBkY2Y1ZDRlOTE0M2I4ZWE5OWNhOTQ3Njk0,playlist,spotify:playlist:37i9dQZF1DX0jgyAiPl8Af,https://open.spotify.com/playlist/37i9dQZF1DX0jgyAiPl8Af,Spotify,https://open.spotify.com/user/spotify,https://api.spotify.com/v1/users/spotify,spotify,user,spotify:user:spotify,https://api.spotify.com/v1/playlists/37i9dQZF1DX0jgyAiPl8Af/tracks,215
78,False,Calm your mind with gentle piano and ambient.,https://api.spotify.com/v1/playlists/37i9dQZF1DWXe9gFZP0gtP,37i9dQZF1DWXe9gFZP0gtP,"[{'height': None, 'url': 'https://i.scdn.co/image/ab67706f00000003468762ec9fd93a2dc3b167ee', 'width': None}]",Stress Relief,,,MTY2NDU2MTk0MCwwMDAwMDAwMDYwNDE2ZGI1NWRjZWJlMDkyYjgwYTI1YWMxZTlhMjA3,playlist,spotify:playlist:37i9dQZF1DWXe9gFZP0gtP,https://open.spotify.com/playlist/37i9dQZF1DWXe9gFZP0gtP,Spotify,https://open.spotify.com/user/spotify,https://api.spotify.com/v1/users/spotify,spotify,user,spotify:user:spotify,https://api.spotify.com/v1/playlists/37i9dQZF1DWXe9gFZP0gtP/tracks,211
79,False,The perfect backdrop to an evening spent relaxing in solitude.,https://api.spotify.com/v1/playlists/37i9dQZF1DX4wta20PHgwo,37i9dQZF1DX4wta20PHgwo,"[{'height': None, 'url': 'https://i.scdn.co/image/ab67706f00000003987367cd09caff68b5fa34ec', 'width': None}]",Late Night Jazz,,,MTY2NDg3MjYzNiwwMDAwMDAwMDkyYWVjZDNiZjIxMDNkZTE5YzU4ZDEzYjFlMjZhOWVj,playlist,spotify:playlist:37i9dQZF1DX4wta20PHgwo,https://open.spotify.com/playlist/37i9dQZF1DX4wta20PHgwo,Spotify,https://open.spotify.com/user/spotify,https://api.spotify.com/v1/users/spotify,spotify,user,spotify:user:spotify,https://api.spotify.com/v1/playlists/37i9dQZF1DX4wta20PHgwo/tracks,125
80,False,Have a quiet morning with this mix of something familiar and something new.,https://api.spotify.com/v1/playlists/37i9dQZF1DWWzVPEmatsUB,37i9dQZF1DWWzVPEmatsUB,"[{'height': None, 'url': 'https://i.scdn.co/image/ab67706f0000000394d851cc78e04406e373f156', 'width': None}]",Mellow Morning,,,MTY2NDUxMDQ2MCwwMDAwMDAwMDUxZWVjMGYwZTZhOWRiNjJhOWZhYThjYmYyZDIzNDkx,playlist,spotify:playlist:37i9dQZF1DWWzVPEmatsUB,https://open.spotify.com/playlist/37i9dQZF1DWWzVPEmatsUB,Spotify,https://open.spotify.com/user/spotify,https://api.spotify.com/v1/users/spotify,spotify,user,spotify:user:spotify,https://api.spotify.com/v1/playlists/37i9dQZF1DWWzVPEmatsUB/tracks,70
81,False,"Vocals and keys, front and center. Cover: Adele",https://api.spotify.com/v1/playlists/37i9dQZF1DWVIzZt2GAU4X,37i9dQZF1DWVIzZt2GAU4X,"[{'height': None, 'url': 'https://i.scdn.co/image/ab67706f00000003b83b43fd330fd8fc5295edb0', 'width': None}]",Piano Ballads,,,MTY2MzMwMDgwMCwwMDAwMDAwMGEwNmNiNzdjMmMyMjAyOTNkYzZkNzA3Mzk1OTlmY2Zj,playlist,spotify:playlist:37i9dQZF1DWVIzZt2GAU4X,https://open.spotify.com/playlist/37i9dQZF1DWVIzZt2GAU4X,Spotify,https://open.spotify.com/user/spotify,https://api.spotify.com/v1/users/spotify,spotify,user,spotify:user:spotify,https://api.spotify.com/v1/playlists/37i9dQZF1DWVIzZt2GAU4X/tracks,75
82,False,Country music to get you back to the basics.,https://api.spotify.com/v1/playlists/37i9dQZF1DWTkxQvqMy4WW,37i9dQZF1DWTkxQvqMy4WW,"[{'height': None, 'url': 'https://i.scdn.co/image/ab67706f00000003f5b078962d37890234b76125', 'width': None}]",Chillin' on a Dirt Road,,,MTY1MjQxNDQwMCwwMDAwMDAwMGU2ZGY2ZDg3MzU3YjQ1NGE1MTBkYTYxNjdmN2EwMjUz,playlist,spotify:playlist:37i9dQZF1DWTkxQvqMy4WW,https://open.spotify.com/playlist/37i9dQZF1DWTkxQvqMy4WW,Spotify,https://open.spotify.com/user/spotify,https://api.spotify.com/v1/users/spotify,spotify,user,spotify:user:spotify,https://api.spotify.com/v1/playlists/37i9dQZF1DWTkxQvqMy4WW/tracks,80
83,False,Gentle ambient piano to help you fall asleep.,https://api.spotify.com/v1/playlists/37i9dQZF1DWZd79rJ6a7lp,37i9dQZF1DWZd79rJ6a7lp,"[{'height': None, 'url': 'https://i.scdn.co/image/ab67706f00000003bc9438e3a6ff78076f8b1405', 'width': None}]",Sleep,,,MTY2NDg3ODk5MCwwMDAwMDAwMGY4NTM4YzJiM2QzZTdlOTkyZjY5NjZiM2EwNmVkYTc1,playlist,spotify:playlist:37i9dQZF1DWZd79rJ6a7lp,https://open.spotify.com/playlist/37i9dQZF1DWZd79rJ6a7lp,Spotify,https://open.spotify.com/user/spotify,https://api.spotify.com/v1/users/spotify,spotify,user,spotify:user:spotify,https://api.spotify.com/v1/playlists/37i9dQZF1DWZd79rJ6a7lp/tracks,232
84,False,"Soothing, minimalist ambient for deep sleep.",https://api.spotify.com/v1/playlists/37i9dQZF1DWYcDQ1hSjOpY,37i9dQZF1DWYcDQ1hSjOpY,"[{'height': None, 'url': 'https://i.scdn.co/image/ab67706f000000037da11e4e02c0da2f543ea20f', 'width': None}]",Deep Sleep,,,MTY2NDg3OTAzMiwwMDAwMDAwMDcyNDMzOTRhMTVhY2EzY2JiMjVmMzM4Y2QwMzdlMWFi,playlist,spotify:playlist:37i9dQZF1DWYcDQ1hSjOpY,https://open.spotify.com/playlist/37i9dQZF1DWYcDQ1hSjOpY,Spotify,https://open.spotify.com/user/spotify,https://api.spotify.com/v1/users/spotify,spotify,user,spotify:user:spotify,https://api.spotify.com/v1/playlists/37i9dQZF1DWYcDQ1hSjOpY/tracks,298
85,False,Soothing instrumental music for sleepy babies.,https://api.spotify.com/v1/playlists/37i9dQZF1DX0DxcHtn4Hwo,37i9dQZF1DX0DxcHtn4Hwo,"[{'height': None, 'url': 'https://i.scdn.co/image/ab67706f000000035683edf3bef4a94327e7b050', 'width': None}]",Baby Sleep,,,MTY2Mzg0OTQyOSwwMDAwMDAwMDVhZmFiYmU2NjJiNDUzOGYxNzM5ZDdlMjViMjgyYjJh,playlist,spotify:playlist:37i9dQZF1DX0DxcHtn4Hwo,https://open.spotify.com/playlist/37i9dQZF1DX0DxcHtn4Hwo,Spotify,https://open.spotify.com/user/spotify,https://api.spotify.com/v1/users/spotify,spotify,user,spotify:user:spotify,https://api.spotify.com/v1/playlists/37i9dQZF1DX0DxcHtn4Hwo/tracks,389
86,False,Pouring rain and occasional rolling thunder.,https://api.spotify.com/v1/playlists/37i9dQZF1DXbcPC6Vvqudd,37i9dQZF1DXbcPC6Vvqudd,"[{'height': None, 'url': 'https://i.scdn.co/image/ab67706f00000003dc76d6a6908be4eae4f86b7e', 'width': None}]",Night Rain,,,MTY1ODIyMjEyNiwwMDAwMDAwMDA4ZmRkMTQ5NzEzNTU2ZTQ1NzM1NTYxMjllZTE1MDU1,playlist,spotify:playlist:37i9dQZF1DXbcPC6Vvqudd,https://open.spotify.com/playlist/37i9dQZF1DXbcPC6Vvqudd,Spotify,https://open.spotify.com/user/spotify,https://api.spotify.com/v1/users/spotify,spotify,user,spotify:user:spotify,https://api.spotify.com/v1/playlists/37i9dQZF1DXbcPC6Vvqudd/tracks,393
87,False,Ambient drone to make you feel weightless.,https://api.spotify.com/v1/playlists/37i9dQZF1DX1n9whBbBKoL,37i9dQZF1DX1n9whBbBKoL,"[{'height': None, 'url': 'https://i.scdn.co/image/ab67706f00000003293f5bac477b87de316e75aa', 'width': None}]",Floating Through Space,,,MTY2NDg3OTMxMiwwMDAwMDAwMGEwYWY0OTdjNGZkZDQ0ODAyOTNhZTBjMzAzMWI0MzQ5,playlist,spotify:playlist:37i9dQZF1DX1n9whBbBKoL,https://open.spotify.com/playlist/37i9dQZF1DX1n9whBbBKoL,Spotify,https://open.spotify.com/user/spotify,https://api.spotify.com/v1/users/spotify,spotify,user,spotify:user:spotify,https://api.spotify.com/v1/playlists/37i9dQZF1DX1n9whBbBKoL/tracks,130
88,False,Hypnotic bliss.,https://api.spotify.com/v1/playlists/37i9dQZF1DWSiZVO2J6WeI,37i9dQZF1DWSiZVO2J6WeI,"[{'height': None, 'url': 'https://i.scdn.co/image/ab67706f0000000330467941c9bd06613be27c9e', 'width': None}]",Dreamy Vibes,,,MTY2NDU2MjM0OSwwMDAwMDAwMDVkOThiZjMwOTZlMTEzMTQxNWE5YWU0NGY3Y2IwZGZh,playlist,spotify:playlist:37i9dQZF1DWSiZVO2J6WeI,https://open.spotify.com/playlist/37i9dQZF1DWSiZVO2J6WeI,Spotify,https://open.spotify.com/user/spotify,https://api.spotify.com/v1/users/spotify,spotify,user,spotify:user:spotify,https://api.spotify.com/v1/playlists/37i9dQZF1DWSiZVO2J6WeI/tracks,100
89,False,Comforting sounds of thunder and rain.,https://api.spotify.com/v1/playlists/37i9dQZF1DX4aYNO8X5RpR,37i9dQZF1DX4aYNO8X5RpR,"[{'height': None, 'url': 'https://i.scdn.co/image/ab67706f00000003f86e0ffd52b324b3c455b185', 'width': None}]",Nightstorms,,,MTY1ODIyMTgyNywwMDAwMDAwMDVhNDZkYTM0YjFhMjc3YTQ3YjhjMjM4NTIwMGQwZTEx,playlist,spotify:playlist:37i9dQZF1DX4aYNO8X5RpR,https://open.spotify.com/playlist/37i9dQZF1DX4aYNO8X5RpR,Spotify,https://open.spotify.com/user/spotify,https://api.spotify.com/v1/users/spotify,spotify,user,spotify:user:spotify,https://api.spotify.com/v1/playlists/37i9dQZF1DX4aYNO8X5RpR/tracks,200
90,False,Instrumental beats for a restful night's sleep.,https://api.spotify.com/v1/playlists/37i9dQZF1DX2PQDq3PdrHQ,37i9dQZF1DX2PQDq3PdrHQ,"[{'height': None, 'url': 'https://i.scdn.co/image/ab67706f000000037e858e4098c8a256ca51d770', 'width': None}]",lofi sleep,,,MTY2NDQ5OTYwMCwwMDAwMDAwMGMwMmY1ZmQyYTYzYWYyYTRhNmY5MjY5MWU3ZjBmZTZm,playlist,spotify:playlist:37i9dQZF1DX2PQDq3PdrHQ,https://open.spotify.com/playlist/37i9dQZF1DX2PQDq3PdrHQ,Spotify,https://open.spotify.com/user/spotify,https://api.spotify.com/v1/users/spotify,spotify,user,spotify:user:spotify,https://api.spotify.com/v1/playlists/37i9dQZF1DX2PQDq3PdrHQ/tracks,236
91,False,Music to reduce insomnia and help you relax.,https://api.spotify.com/v1/playlists/37i9dQZF1DWSUFOo47GEsI,37i9dQZF1DWSUFOo47GEsI,"[{'height': None, 'url': 'https://i.scdn.co/image/ab67706f000000030f6ff46c7d583ad3beaf5adb', 'width': None}]",Sleep Tight,,,MTY2NDg4MTAwMSwwMDAwMDAwMDE2NzIxODU5ODExZWNmZWY5NWZhMmM5YmRiMDZmNTRi,playlist,spotify:playlist:37i9dQZF1DWSUFOo47GEsI,https://open.spotify.com/playlist/37i9dQZF1DWSUFOo47GEsI,Spotify,https://open.spotify.com/user/spotify,https://api.spotify.com/v1/users/spotify,spotify,user,spotify:user:spotify,https://api.spotify.com/v1/playlists/37i9dQZF1DWSUFOo47GEsI/tracks,280
92,False,Let these calm Jazz tracks lull you to sleep.,https://api.spotify.com/v1/playlists/37i9dQZF1DXa1rZf8gLhyz,37i9dQZF1DXa1rZf8gLhyz,"[{'height': None, 'url': 'https://i.scdn.co/image/ab67706f00000003008092db062ae57983ed0141', 'width': None}]",Jazz for Sleep,,,MTY2NDQ4ODg2MCwwMDAwMDAwMGFmZDQ0MTkxODliNDFiZmUwMzZkNDczYmExNGU3YzUy,playlist,spotify:playlist:37i9dQZF1DXa1rZf8gLhyz,https://open.spotify.com/playlist/37i9dQZF1DXa1rZf8gLhyz,Spotify,https://open.spotify.com/user/spotify,https://api.spotify.com/v1/users/spotify,spotify,user,spotify:user:spotify,https://api.spotify.com/v1/playlists/37i9dQZF1DXa1rZf8gLhyz/tracks,159
93,False,Drift off to these peaceful classical melodies.,https://api.spotify.com/v1/playlists/37i9dQZF1DX8Sz1gsYZdwj,37i9dQZF1DX8Sz1gsYZdwj,"[{'height': None, 'url': 'https://i.scdn.co/image/ab67706f000000039da02c7bb7aeaad9222968f1', 'width': None}]",Classical Sleep,,,MTY1OTM0MzMxOCwwMDAwMDAwMGVhNjYwOGI0NTkyZWE3NzU1NDk2YzhlOWYyZWViNGRi,playlist,spotify:playlist:37i9dQZF1DX8Sz1gsYZdwj,https://open.spotify.com/playlist/37i9dQZF1DX8Sz1gsYZdwj,Spotify,https://open.spotify.com/user/spotify,https://api.spotify.com/v1/users/spotify,spotify,user,spotify:user:spotify,https://api.spotify.com/v1/playlists/37i9dQZF1DX8Sz1gsYZdwj/tracks,50
94,False,Calm piano music for sleeping.,https://api.spotify.com/v1/playlists/37i9dQZF1DX03b46zi3S82,37i9dQZF1DX03b46zi3S82,"[{'height': None, 'url': 'https://i.scdn.co/image/ab67706f00000003df3ed0d891ac979568452312', 'width': None}]",Sleepy Piano,,,MTY2Mzk0MjQwOSwwMDAwMDAwMDBkZDlkYTMwYTA0MTg3NzczMjE4N2RjZDY2NmJlMDQz,playlist,spotify:playlist:37i9dQZF1DX03b46zi3S82,https://open.spotify.com/playlist/37i9dQZF1DX03b46zi3S82,Spotify,https://open.spotify.com/user/spotify,https://api.spotify.com/v1/users/spotify,spotify,user,spotify:user:spotify,https://api.spotify.com/v1/playlists/37i9dQZF1DX03b46zi3S82/tracks,211
95,False,Atmospheric and emotional piano pieces.,https://api.spotify.com/v1/playlists/37i9dQZF1DWURCUKHUKWCX,37i9dQZF1DWURCUKHUKWCX,"[{'height': None, 'url': 'https://i.scdn.co/image/ab67706f00000003cc6dd483e6ee07e1d2b4d082', 'width': None}]",Atmospheric Piano,,,MTY1OTY3MjEyMCwwMDAwMDAwMDBmNmQyMDdhMmNhYTJkNWIwYjI1ZDEzYmIyZDE5NmUx,playlist,spotify:playlist:37i9dQZF1DWURCUKHUKWCX,https://open.spotify.com/playlist/37i9dQZF1DWURCUKHUKWCX,Spotify,https://open.spotify.com/user/spotify,https://api.spotify.com/v1/users/spotify,spotify,user,spotify:user:spotify,https://api.spotify.com/v1/playlists/37i9dQZF1DWURCUKHUKWCX/tracks,128
96,False,Get a great night's sleep with these soft acoustic guitar tunes.,https://api.spotify.com/v1/playlists/37i9dQZF1DWTRnup1IgL4a,37i9dQZF1DWTRnup1IgL4a,"[{'height': None, 'url': 'https://i.scdn.co/image/ab67706f000000037eeed92b1076dbd0a237befb', 'width': None}]",Guitar for Sleep,,,MTY2Mzg5MTIwMCwwMDAwMDAwMGQ3ZTZkYjMwNzI5YjMzMjg5ODVlZWZmYTYxNDk4ZGM4,playlist,spotify:playlist:37i9dQZF1DWTRnup1IgL4a,https://open.spotify.com/playlist/37i9dQZF1DWTRnup1IgL4a,Spotify,https://open.spotify.com/user/spotify,https://api.spotify.com/v1/users/spotify,spotify,user,spotify:user:spotify,https://api.spotify.com/v1/playlists/37i9dQZF1DWTRnup1IgL4a/tracks,103
97,False,Put yourself to sleep with delta frequencies.,https://api.spotify.com/v1/playlists/37i9dQZF1DX8h3zQNo57xG,37i9dQZF1DX8h3zQNo57xG,"[{'height': None, 'url': 'https://i.scdn.co/image/ab67706f00000003199511fe6f5c8cb9f94672f6', 'width': None}]",Binaural Beats: Sleep,,,MTY2NDg4MTIwOSwwMDAwMDAwMGJlNmJkNjE4OTczZDU1NjkxM2E0YTAxNGZjMzNjODAw,playlist,spotify:playlist:37i9dQZF1DX8h3zQNo57xG,https://open.spotify.com/playlist/37i9dQZF1DX8h3zQNo57xG,Spotify,https://open.spotify.com/user/spotify,https://api.spotify.com/v1/users/spotify,spotify,user,spotify:user:spotify,https://api.spotify.com/v1/playlists/37i9dQZF1DX8h3zQNo57xG/tracks,99
98,False,Soft and calm renditions of songs for harp.,https://api.spotify.com/v1/playlists/37i9dQZF1DX2y5WZJJL4SF,37i9dQZF1DX2y5WZJJL4SF,"[{'height': None, 'url': 'https://i.scdn.co/image/ab67706f00000003bcd4ba37d2cb04334e880a97', 'width': None}]",Harp Lullabies,,,MTY2Mzg1MzUxMywwMDAwMDAwMDIzYzA4MGU5ZmQyNzMwZjk2MmYzY2RiN2NkNTIzMWVl,playlist,spotify:playlist:37i9dQZF1DX2y5WZJJL4SF,https://open.spotify.com/playlist/37i9dQZF1DX2y5WZJJL4SF,Spotify,https://open.spotify.com/user/spotify,https://api.spotify.com/v1/users/spotify,spotify,user,spotify:user:spotify,https://api.spotify.com/v1/playlists/37i9dQZF1DX2y5WZJJL4SF/tracks,137
99,False,Sweet lullabies on guitar for little dreamers.,https://api.spotify.com/v1/playlists/37i9dQZF1DX2UkbeRPWQqZ,37i9dQZF1DX2UkbeRPWQqZ,"[{'height': None, 'url': 'https://i.scdn.co/image/ab67706f0000000384418ccfe126030f1eb509ff', 'width': None}]",Guitar Lullabies,,,MTY2Mzg1MjcxNSwwMDAwMDAwMDYwOTY1YjY5YzcyMWVkMjU5NDY2NmYwYWUzMjg0ODg3,playlist,spotify:playlist:37i9dQZF1DX2UkbeRPWQqZ,https://open.spotify.com/playlist/37i9dQZF1DX2UkbeRPWQqZ,Spotify,https://open.spotify.com/user/spotify,https://api.spotify.com/v1/users/spotify,spotify,user,spotify:user:spotify,https://api.spotify.com/v1/playlists/37i9dQZF1DX2UkbeRPWQqZ/tracks,71
100,False,Relaxing music and sounds for sleeping.,https://api.spotify.com/v1/playlists/37i9dQZF1DX3WdioUzkg8I,37i9dQZF1DX3WdioUzkg8I,"[{'height': None, 'url': 'https://i.scdn.co/image/ab67706f00000003685e0e6bbb5974f3e724bad6', 'width': None}]",Fall Asleep,,,MTY2Mzk0MjM3NSwwMDAwMDAwMDdjNThiOTExYTRlNDAyYjUwYzk0ZDgyMGI3MjFhNTlh,playlist,spotify:playlist:37i9dQZF1DX3WdioUzkg8I,https://open.spotify.com/playlist/37i9dQZF1DX3WdioUzkg8I,Spotify,https://open.spotify.com/user/spotify,https://api.spotify.com/v1/users/spotify,spotify,user,spotify:user:spotify,https://api.spotify.com/v1/playlists/37i9dQZF1DX3WdioUzkg8I/tracks,208
101,False,Colored noise to help you sleep.,https://api.spotify.com/v1/playlists/37i9dQZF1DWSW4ppn40bal,37i9dQZF1DWSW4ppn40bal,"[{'height': None, 'url': 'https://i.scdn.co/image/ab67706f00000003d76b7c4756730e3a08e6c7a2', 'width': None}]",Sleep Noise,,,MTY2MjYzOTI5MywwMDAwMDAwMDEyMjE4YzUwMDQwNmIyOWY4ZGQxNjYxNTQxZGVjZGI4,playlist,spotify:playlist:37i9dQZF1DWSW4ppn40bal,https://open.spotify.com/playlist/37i9dQZF1DWSW4ppn40bal,Spotify,https://open.spotify.com/user/spotify,https://api.spotify.com/v1/users/spotify,spotify,user,spotify:user:spotify,https://api.spotify.com/v1/playlists/37i9dQZF1DWSW4ppn40bal/tracks,309
102,False,Sounds of the city to help you drift off. ,https://api.spotify.com/v1/playlists/37i9dQZF1DWZwRv0cVNFLv,37i9dQZF1DWZwRv0cVNFLv,"[{'height': None, 'url': 'https://i.scdn.co/image/ab67706f00000003436d432eb292516ef3ee425f', 'width': None}]",City Sounds for Sleep,,,MTY2NDQ1OTA1OCwwMDAwMDAwMGI0ODg0ODI0MzE2Yzg2MzllZjMwOTNiZTA4NThjNDNi,playlist,spotify:playlist:37i9dQZF1DWZwRv0cVNFLv,https://open.spotify.com/playlist/37i9dQZF1DWZwRv0cVNFLv,Spotify,https://open.spotify.com/user/spotify,https://api.spotify.com/v1/users/spotify,spotify,user,spotify:user:spotify,https://api.spotify.com/v1/playlists/37i9dQZF1DWZwRv0cVNFLv/tracks,202
103,False,Slip into slumber with soothing water sounds.,https://api.spotify.com/v1/playlists/37i9dQZF1DWXzR2GKEiHgT,37i9dQZF1DWXzR2GKEiHgT,"[{'height': None, 'url': 'https://i.scdn.co/image/ab67706f0000000360164687e2b38066f049bad1', 'width': None}]",The Sleep Machine: Waterscapes,,,MTY0NDUwMTA5MywwMDAwMDAwMDE3ZWE3ZWI0Mzg1NjMwNDVkZmEzZjc4Y2I4YzdhNDA1,playlist,spotify:playlist:37i9dQZF1DWXzR2GKEiHgT,https://open.spotify.com/playlist/37i9dQZF1DWXzR2GKEiHgT,Spotify,https://open.spotify.com/user/spotify,https://api.spotify.com/v1/users/spotify,spotify,user,spotify:user:spotify,https://api.spotify.com/v1/playlists/37i9dQZF1DWXzR2GKEiHgT/tracks,200
104,False,Soothing instrumental music for a peaceful sleep.,https://api.spotify.com/v1/playlists/37i9dQZF1DX2Aln4OdV8i6,37i9dQZF1DX2Aln4OdV8i6,"[{'height': None, 'url': 'https://i.scdn.co/image/ab67706f00000003f99bf05e485907b0a9675c66', 'width': None}]",Peaceful Sleep,,,MTY1NjkyNjAxMCwwMDAwMDAwMGFhN2Q4NTk1YTQxMjc4YzMyZGRlN2QzODJiOTk5ODM4,playlist,spotify:playlist:37i9dQZF1DX2Aln4OdV8i6,https://open.spotify.com/playlist/37i9dQZF1DX2Aln4OdV8i6,Spotify,https://open.spotify.com/user/spotify,https://api.spotify.com/v1/users/spotify,spotify,user,spotify:user:spotify,https://api.spotify.com/v1/playlists/37i9dQZF1DX2Aln4OdV8i6/tracks,52
105,False,Calm and soothing strings to help you get a good night's rest.,https://api.spotify.com/v1/playlists/37i9dQZF1DWXIrropGBmnR,37i9dQZF1DWXIrropGBmnR,"[{'height': None, 'url': 'https://i.scdn.co/image/ab67706f0000000328594f17f1b806844044fee8', 'width': None}]",Strings for Sleeping,,,MTY1OTY1NzYwMCwwMDAwMDAwMDVjMWIyMGU0YTYwYjk5NzY3ZTk1YTYwMjQwZjViMTg2,playlist,spotify:playlist:37i9dQZF1DWXIrropGBmnR,https://open.spotify.com/playlist/37i9dQZF1DWXIrropGBmnR,Spotify,https://open.spotify.com/user/spotify,https://api.spotify.com/v1/users/spotify,spotify,user,spotify:user:spotify,https://api.spotify.com/v1/playlists/37i9dQZF1DWXIrropGBmnR/tracks,65
106,False,Songs and episodes to help you be productive and find that work/pause balance. ,https://api.spotify.com/v1/playlists/37i9dQZF1DWUgrBS6dKQqG,37i9dQZF1DWUgrBS6dKQqG,"[{'height': None, 'url': 'https://i.scdn.co/image/ab67706f00000003e97a7a96d674e812f9828f0b', 'width': None}]",PAUSE: Mindfulness,,,MTY2NDc3NjEzMiwwMDAwMDAwMDMyMGYxODExMWM5MTI0NDMwNTlmMDk4YzQxOWZkMDZh,playlist,spotify:playlist:37i9dQZF1DWUgrBS6dKQqG,https://open.spotify.com/playlist/37i9dQZF1DWUgrBS6dKQqG,Spotify,https://open.spotify.com/user/spotify,https://api.spotify.com/v1/users/spotify,spotify,user,spotify:user:spotify,https://api.spotify.com/v1/playlists/37i9dQZF1DWUgrBS6dKQqG/tracks,95
107,False,Songs for a broken heart,https://api.spotify.com/v1/playlists/37i9dQZF1DX7qK8ma5wgG1,37i9dQZF1DX7qK8ma5wgG1,"[{'height': None, 'url': 'https://i.scdn.co/image/ab67706f00000003583117b5f326c5759bcd4628', 'width': None}]",Sad Songs,,,MTY2NDkwNDk3MywwMDAwMDAwMGJhNTlkOWY0MDMyMTlhOGU4YzExYzYwYmM2ODYwYjA0,playlist,spotify:playlist:37i9dQZF1DX7qK8ma5wgG1,https://open.spotify.com/playlist/37i9dQZF1DX7qK8ma5wgG1,Spotify,https://open.spotify.com/user/spotify,https://api.spotify.com/v1/users/spotify,spotify,user,spotify:user:spotify,https://api.spotify.com/v1/playlists/37i9dQZF1DX7qK8ma5wgG1/tracks,60
108,False,For all of us dancing on our own.,https://api.spotify.com/v1/playlists/37i9dQZF1DWZUAeYvs88zc,37i9dQZF1DWZUAeYvs88zc,"[{'height': None, 'url': 'https://i.scdn.co/image/ab67706f0000000356f0624776adf8f755f3f264', 'width': None}]",Sad Bops,,,MTY2NDE0OTAyNCwwMDAwMDAwMDU1ZmVjYWI3ZmM4OTIyMDI0Yjg5NzMzM2FmYmVkNTg2,playlist,spotify:playlist:37i9dQZF1DWZUAeYvs88zc,https://open.spotify.com/playlist/37i9dQZF1DWZUAeYvs88zc,Spotify,https://open.spotify.com/user/spotify,https://api.spotify.com/v1/users/spotify,spotify,user,spotify:user:spotify,https://api.spotify.com/v1/playlists/37i9dQZF1DWZUAeYvs88zc/tracks,80
109,False,Having a bad day? We know how it feels!,https://api.spotify.com/v1/playlists/37i9dQZF1DX3YSRoSdA634,37i9dQZF1DX3YSRoSdA634,"[{'height': None, 'url': 'https://i.scdn.co/image/ab67706f00000003f5e3bf0413ec122f118e5f08', 'width': None}]",Life Sucks,,,MTY2NDUzOTIwMCwwMDAwMDAwMDNlNTNmMWY5YWY2N2RjNTQ3MWQ4ZjI1YjMwZDI1YzBl,playlist,spotify:playlist:37i9dQZF1DX3YSRoSdA634,https://open.spotify.com/playlist/37i9dQZF1DX3YSRoSdA634,Spotify,https://open.spotify.com/user/spotify,https://api.spotify.com/v1/users/spotify,spotify,user,spotify:user:spotify,https://api.spotify.com/v1/playlists/37i9dQZF1DX3YSRoSdA634/tracks,200
110,False,We hear you.,https://api.spotify.com/v1/playlists/37i9dQZF1DX59NCqCqJtoH,37i9dQZF1DX59NCqCqJtoH,"[{'height': None, 'url': 'https://i.scdn.co/image/ab67706f00000003e6fc98620cda649d45e42bc6', 'width': None}]",idk.,,,MTY2NDk3NTQzNywwMDAwMDAwMDcxMTgwOTRkMmJjYjI2YzJjYjZiYTIyODA2MjJlZmRi,playlist,spotify:playlist:37i9dQZF1DX59NCqCqJtoH,https://open.spotify.com/playlist/37i9dQZF1DX59NCqCqJtoH,Spotify,https://open.spotify.com/user/spotify,https://api.spotify.com/v1/users/spotify,spotify,user,spotify:user:spotify,https://api.spotify.com/v1/playlists/37i9dQZF1DX59NCqCqJtoH/tracks,100
111,False,Acoustic covers of sad songs.,https://api.spotify.com/v1/playlists/37i9dQZF1DX64Y3du11rR1,37i9dQZF1DX64Y3du11rR1,"[{'height': None, 'url': 'https://i.scdn.co/image/ab67706f00000003122bc1391da8a7d5b2c2bc11', 'width': None}]",Sad Covers,,,MTY2NDU0NTU3OCwwMDAwMDAwMDUzY2ZmOTU1OWQ5MGI1ZTg4NTc2NzFiYzQ3ZDVjZGFm,playlist,spotify:playlist:37i9dQZF1DX64Y3du11rR1,https://open.spotify.com/playlist/37i9dQZF1DX64Y3du11rR1,Spotify,https://open.spotify.com/user/spotify,https://api.spotify.com/v1/users/spotify,spotify,user,spotify:user:spotify,https://api.spotify.com/v1/playlists/37i9dQZF1DX64Y3du11rR1/tracks,109
112,False,Emo rap feels for the misunderstood. Cover: iann dior,https://api.spotify.com/v1/playlists/37i9dQZF1DX6xZZEgC9Ubl,37i9dQZF1DX6xZZEgC9Ubl,"[{'height': None, 'url': 'https://i.scdn.co/image/ab67706f0000000367afd593d420109c35ccbc65', 'width': None}]",tear drop,,,MTY2NDkxMjA0OCwwMDAwMDAwMGMwOGY3OWM5NjBkMDMyOGZkYzM5MTVmNTVmMGFjYTky,playlist,spotify:playlist:37i9dQZF1DX6xZZEgC9Ubl,https://open.spotify.com/playlist/37i9dQZF1DX6xZZEgC9Ubl,Spotify,https://open.spotify.com/user/spotify,https://api.spotify.com/v1/users/spotify,spotify,user,spotify:user:spotify,https://api.spotify.com/v1/playlists/37i9dQZF1DX6xZZEgC9Ubl/tracks,100
113,False,"Sapphic songs that defined your music taste as ""yearning"" ",https://api.spotify.com/v1/playlists/37i9dQZF1DWW2hj3ZtMbuO,37i9dQZF1DWW2hj3ZtMbuO,"[{'height': None, 'url': 'https://i.scdn.co/image/ab67706f00000003453a713a76d3a6ebed04951b', 'width': None}]",sad girl starter pack,,,MTY2MzkwNTYwMCwwMDAwMDAwMDY0ODdhMzViMGNmMzQ4NjQ0ODAyNDgwOWJjZjA0MDY1,playlist,spotify:playlist:37i9dQZF1DWW2hj3ZtMbuO,https://open.spotify.com/playlist/37i9dQZF1DWW2hj3ZtMbuO,Spotify,https://open.spotify.com/user/spotify,https://api.spotify.com/v1/users/spotify,spotify,user,spotify:user:spotify,https://api.spotify.com/v1/playlists/37i9dQZF1DWW2hj3ZtMbuO/tracks,75
114,False,"Being alone (again) can be tough, but these songs will keep you company.",https://api.spotify.com/v1/playlists/37i9dQZF1DWX83CujKHHOn,37i9dQZF1DWX83CujKHHOn,"[{'height': None, 'url': 'https://i.scdn.co/image/ab67706f0000000365af49474d91827160b56b27', 'width': None}]",Alone Again,,,MTY2MzkxNTYwMywwMDAwMDAwMDkyMGVjYWViY2VmNDRhYTdjMzk2M2UyNDUyZTk2MTk5,playlist,spotify:playlist:37i9dQZF1DWX83CujKHHOn,https://open.spotify.com/playlist/37i9dQZF1DWX83CujKHHOn,Spotify,https://open.spotify.com/user/spotify,https://api.spotify.com/v1/users/spotify,spotify,user,spotify:user:spotify,https://api.spotify.com/v1/playlists/37i9dQZF1DWX83CujKHHOn/tracks,150
115,False,"Somehow, heartbreak feels good in a place like this. Cover: Joshua Bassett",https://api.spotify.com/v1/playlists/37i9dQZF1DWSqBruwoIXkA,37i9dQZF1DWSqBruwoIXkA,"[{'height': None, 'url': 'https://i.scdn.co/image/ab67706f00000003c64fa25d40460b544a2b943c', 'width': None}]",sad hour,,,MTY2NDk4NjgyMywwMDAwMDAwMDVlMmI3ODM4NzY4Y2M0ZTVmZTAxN2VlMTg1Y2FlYjQ3,playlist,spotify:playlist:37i9dQZF1DWSqBruwoIXkA,https://open.spotify.com/playlist/37i9dQZF1DWSqBruwoIXkA,Spotify,https://open.spotify.com/user/spotify,https://api.spotify.com/v1/users/spotify,spotify,user,spotify:user:spotify,https://api.spotify.com/v1/playlists/37i9dQZF1DWSqBruwoIXkA/tracks,150
116,False,IYKYK 💔🥀,https://api.spotify.com/v1/playlists/37i9dQZF1DXd6QWbEewZmM,37i9dQZF1DXd6QWbEewZmM,"[{'height': None, 'url': 'https://i.scdn.co/image/ab67706f000000033604e62480cb2ced77f29ffa', 'width': None}]",#SadCuhHours 🥺,,,MTY2Mzk1MzI5NCwwMDAwMDAwMDJkZWI3NzNlOTQ3NTgzZjdhM2M1YWFjZjE0NDk1Zjk5,playlist,spotify:playlist:37i9dQZF1DXd6QWbEewZmM,https://open.spotify.com/playlist/37i9dQZF1DXd6QWbEewZmM,Spotify,https://open.spotify.com/user/spotify,https://api.spotify.com/v1/users/spotify,spotify,user,spotify:user:spotify,https://api.spotify.com/v1/playlists/37i9dQZF1DXd6QWbEewZmM/tracks,120
117,False,"The premier alternative melancholia playlist, featuring Katie Gregson-MacLeod",https://api.spotify.com/v1/playlists/37i9dQZF1DWVV27DiNWxkR,37i9dQZF1DWVV27DiNWxkR,"[{'height': None, 'url': 'https://i.scdn.co/image/ab67706f00000003674322af0d61d64cdb0bb959', 'width': None}]",Sad Indie,,,MTY2NDU1NTU4MywwMDAwMDAwMGFlNDlkMGE1NmJjYzBhMDI3MmNkZWFiNzk2Yzg0OWRi,playlist,spotify:playlist:37i9dQZF1DWVV27DiNWxkR,https://open.spotify.com/playlist/37i9dQZF1DWVV27DiNWxkR,Spotify,https://open.spotify.com/user/spotify,https://api.spotify.com/v1/users/spotify,spotify,user,spotify:user:spotify,https://api.spotify.com/v1/playlists/37i9dQZF1DWVV27DiNWxkR/tracks,91
118,False,Those quintessential sad songs ,https://api.spotify.com/v1/playlists/37i9dQZF1DX15JKV0q7shD,37i9dQZF1DX15JKV0q7shD,"[{'height': None, 'url': 'https://i.scdn.co/image/ab67706f00000003a9e87e627145236cc4d2007e', 'width': None}]",Classics For Crying,,,MTY1MjQ2MTE0NCwwMDAwMDAwMDZiY2E3MzUzNmI4N2MyODRjNmI5ZjQ2NmM1NGQ4ZjBi,playlist,spotify:playlist:37i9dQZF1DX15JKV0q7shD,https://open.spotify.com/playlist/37i9dQZF1DX15JKV0q7shD,Spotify,https://open.spotify.com/user/spotify,https://api.spotify.com/v1/users/spotify,spotify,user,spotify:user:spotify,https://api.spotify.com/v1/playlists/37i9dQZF1DX15JKV0q7shD/tracks,75
119,False,"<a href=""spotify:genre:edm_dance"">electronic</a> melancholy < / 3",https://api.spotify.com/v1/playlists/37i9dQZF1DWVrtsSlLKzro,37i9dQZF1DWVrtsSlLKzro,"[{'height': None, 'url': 'https://i.scdn.co/image/ab67706f0000000390954451308db71d0e43a9fa', 'width': None}]",Sad Beats,,,MTY2NDUxMDQwMCwwMDAwMDAwMDNkYWYwYjE2NGMzYjE3YTMwM2YzOWNmZDAwZTBiMWY3,playlist,spotify:playlist:37i9dQZF1DWVrtsSlLKzro,https://open.spotify.com/playlist/37i9dQZF1DWVrtsSlLKzro,Spotify,https://open.spotify.com/user/spotify,https://api.spotify.com/v1/users/spotify,spotify,user,spotify:user:spotify,https://api.spotify.com/v1/playlists/37i9dQZF1DWVrtsSlLKzro/tracks,170
120,False,We're here to provide some sonic solace for your grief. ,https://api.spotify.com/v1/playlists/37i9dQZF1DWVxpHBekDUXK,37i9dQZF1DWVxpHBekDUXK,"[{'height': None, 'url': 'https://i.scdn.co/image/ab67706f000000038cedf2aeff180dcb4cb852d9', 'width': None}]",Coping With Loss,,,MTY2MDIzODY5MCwwMDAwMDAwMDNmM2Y0ODZiNjUyNGEyMmMyYTllZjEzNDA2ZjdlNTU3,playlist,spotify:playlist:37i9dQZF1DWVxpHBekDUXK,https://open.spotify.com/playlist/37i9dQZF1DWVxpHBekDUXK,Spotify,https://open.spotify.com/user/spotify,https://api.spotify.com/v1/users/spotify,spotify,user,spotify:user:spotify,https://api.spotify.com/v1/playlists/37i9dQZF1DWVxpHBekDUXK/tracks,50
121,False,Sad and gloomy instrumental Jazz.,https://api.spotify.com/v1/playlists/37i9dQZF1DX0aiWQDFamDa,37i9dQZF1DX0aiWQDFamDa,"[{'height': None, 'url': 'https://i.scdn.co/image/ab67706f00000003af85b54d6db2ed42f429a142', 'width': None}]",Sad Jazz,,,MTY2NTAzOTE3OSwwMDAwMDAwMDI5Yjg0MTE0NTNjYjQ5ZmViN2QyMzNkY2I1MzQxYmJi,playlist,spotify:playlist:37i9dQZF1DX0aiWQDFamDa,https://open.spotify.com/playlist/37i9dQZF1DX0aiWQDFamDa,Spotify,https://open.spotify.com/user/spotify,https://api.spotify.com/v1/users/spotify,spotify,user,spotify:user:spotify,https://api.spotify.com/v1/playlists/37i9dQZF1DX0aiWQDFamDa/tracks,100
122,False,Instrumental guitar for rainy day contemplation.,https://api.spotify.com/v1/playlists/37i9dQZF1DX3bgBpcV2oGY,37i9dQZF1DX3bgBpcV2oGY,"[{'height': None, 'url': 'https://i.scdn.co/image/ab67706f00000003a1f0477d2f9941f4d2acd3cb', 'width': None}]",Sad Guitar Instrumentals,,,MTY2Mzg5MTIwMCwwMDAwMDAwMDNkYjkyNjA3YmEzYjIzMmU5ZjI0N2Y3M2IyN2UyNzEw,playlist,spotify:playlist:37i9dQZF1DX3bgBpcV2oGY,https://open.spotify.com/playlist/37i9dQZF1DX3bgBpcV2oGY,Spotify,https://open.spotify.com/user/spotify,https://api.spotify.com/v1/users/spotify,spotify,user,spotify:user:spotify,https://api.spotify.com/v1/playlists/37i9dQZF1DX3bgBpcV2oGY/tracks,105
123,False,Heartbreaking and sad instrumental and vocal Jazz.,https://api.spotify.com/v1/playlists/37i9dQZF1DX70dqoLSWJrU,37i9dQZF1DX70dqoLSWJrU,"[{'height': None, 'url': 'https://i.scdn.co/image/ab67706f0000000309e0aaf72864f5fab1888d20', 'width': None}]",Heartbreak Jazz,,,MTY2NTA0MzE4OSwwMDAwMDAwMGQ4ZDZlZGJiZGU1NGY3NTY3MjBkZGM5NzdkYTU2ZjE3,playlist,spotify:playlist:37i9dQZF1DX70dqoLSWJrU,https://open.spotify.com/playlist/37i9dQZF1DX70dqoLSWJrU,Spotify,https://open.spotify.com/user/spotify,https://api.spotify.com/v1/users/spotify,spotify,user,spotify:user:spotify,https://api.spotify.com/v1/playlists/37i9dQZF1DX70dqoLSWJrU/tracks,100
124,False,deep & dark. bold & bare. cover: Julien Baker,https://api.spotify.com/v1/playlists/37i9dQZF1DX9LT7r8qPxfa,37i9dQZF1DX9LT7r8qPxfa,"[{'height': None, 'url': 'https://i.scdn.co/image/ab67706f000000037a60ad30cab18d1926835778', 'width': None}]",noir,,,MTY2NDU1NjA4MSwwMDAwMDAwMDdmYzdhYzU1NDA4YmZhZDY0N2NjNjIwYjA3Y2M5MDBj,playlist,spotify:playlist:37i9dQZF1DX9LT7r8qPxfa,https://open.spotify.com/playlist/37i9dQZF1DX9LT7r8qPxfa,Spotify,https://open.spotify.com/user/spotify,https://api.spotify.com/v1/users/spotify,spotify,user,spotify:user:spotify,https://api.spotify.com/v1/playlists/37i9dQZF1DX9LT7r8qPxfa/tracks,100
125,False,Take comfort in these melancholy masterpieces.,https://api.spotify.com/v1/playlists/37i9dQZF1DXbm0dp7JzNeL,37i9dQZF1DXbm0dp7JzNeL,"[{'height': None, 'url': 'https://i.scdn.co/image/ab67706f00000003ec9c10d146751d89c14100f8', 'width': None}]",Sad Classical,,,MTY2NDg5NjQzNywwMDAwMDAwMDU0ODQ4ZjUwZDRjOTRjZDAzOTBhOWQyNGRhMDIwYmZj,playlist,spotify:playlist:37i9dQZF1DXbm0dp7JzNeL,https://open.spotify.com/playlist/37i9dQZF1DXbm0dp7JzNeL,Spotify,https://open.spotify.com/user/spotify,https://api.spotify.com/v1/users/spotify,spotify,user,spotify:user:spotify,https://api.spotify.com/v1/playlists/37i9dQZF1DXbm0dp7JzNeL/tracks,51
126,False,That feeling of being punched in the gut by a song.,https://api.spotify.com/v1/playlists/37i9dQZF1DX33TfGBYPkRQ,37i9dQZF1DX33TfGBYPkRQ,"[{'height': None, 'url': 'https://i.scdn.co/image/ab67706f0000000332c96f797c3bec49c24d7dbe', 'width': None}]",Devastating,,,MTY2NDg5NTMwMiwwMDAwMDAwMGVkYTY3MjU1YmIyMDIyNTNiYzAzOTA5MTE1ZTFjN2Qw,playlist,spotify:playlist:37i9dQZF1DX33TfGBYPkRQ,https://open.spotify.com/playlist/37i9dQZF1DX33TfGBYPkRQ,Spotify,https://open.spotify.com/user/spotify,https://api.spotify.com/v1/users/spotify,spotify,user,spotify:user:spotify,https://api.spotify.com/v1/playlists/37i9dQZF1DX33TfGBYPkRQ/tracks,100
127,False,Music to see you through the tough times.,https://api.spotify.com/v1/playlists/37i9dQZF1DX46zHlTTyolY,37i9dQZF1DX46zHlTTyolY,"[{'height': None, 'url': 'https://i.scdn.co/image/ab67706f00000003694bf6f13693599ff3963ff9', 'width': None}]",Heartache,,,MTY1MzYyNDEyMCwwMDAwMDAwMDdhZDBkYWFlNjkzZTIzOTk4Zjg1MjBjODNmM2QwMzFk,playlist,spotify:playlist:37i9dQZF1DX46zHlTTyolY,https://open.spotify.com/playlist/37i9dQZF1DX46zHlTTyolY,Spotify,https://open.spotify.com/user/spotify,https://api.spotify.com/v1/users/spotify,spotify,user,spotify:user:spotify,https://api.spotify.com/v1/playlists/37i9dQZF1DX46zHlTTyolY/tracks,100
128,False,The melancholic and soft sound of Jazz.,https://api.spotify.com/v1/playlists/37i9dQZF1DWWR73B3Bnjfh,37i9dQZF1DWWR73B3Bnjfh,"[{'height': None, 'url': 'https://i.scdn.co/image/ab67706f00000003511204461008c8ff735428a9', 'width': None}]",Jazz Noir,,,MTY2NDk3NzY4MiwwMDAwMDAwMGIyNThlNTEyNGViMmQ4MDM0N2JkMDgzOWIzMWI4YTIz,playlist,spotify:playlist:37i9dQZF1DWWR73B3Bnjfh,https://open.spotify.com/playlist/37i9dQZF1DWWR73B3Bnjfh,Spotify,https://open.spotify.com/user/spotify,https://api.spotify.com/v1/users/spotify,spotify,user,spotify:user:spotify,https://api.spotify.com/v1/playlists/37i9dQZF1DWWR73B3Bnjfh/tracks,100
129,False,Beautifully sad piano music,https://api.spotify.com/v1/playlists/37i9dQZF1DWZrc3lwvImLj,37i9dQZF1DWZrc3lwvImLj,"[{'height': None, 'url': 'https://i.scdn.co/image/ab67706f000000033e30908f27b3a6fedea8a70f', 'width': None}]",Melancholy Instrumentals,,,MTY2MzkzOTkzNywwMDAwMDAwMDA1ZDYxYzgyMzAwZjA4Y2I0OWZlN2Y3OGRkZjVlYmJj,playlist,spotify:playlist:37i9dQZF1DWZrc3lwvImLj,https://open.spotify.com/playlist/37i9dQZF1DWZrc3lwvImLj,Spotify,https://open.spotify.com/user/spotify,https://api.spotify.com/v1/users/spotify,spotify,user,spotify:user:spotify,https://api.spotify.com/v1/playlists/37i9dQZF1DWZrc3lwvImLj/tracks,169
130,False,cry just a little,https://api.spotify.com/v1/playlists/37i9dQZF1DWU4lunzhQdRx,37i9dQZF1DWU4lunzhQdRx,"[{'height': None, 'url': 'https://i.scdn.co/image/ab67706f00000003e4980a13fbf1aaa07f4dc3f3', 'width': None}]",sad girl country,,,MTY2MzAzMDMwNSwwMDAwMDAwMGRkOWRkNjMzNDgwMjBlMDYwNjViZTc1ODcwMmM1MGY0,playlist,spotify:playlist:37i9dQZF1DWU4lunzhQdRx,https://open.spotify.com/playlist/37i9dQZF1DWU4lunzhQdRx,Spotify,https://open.spotify.com/user/spotify,https://api.spotify.com/v1/users/spotify,spotify,user,spotify:user:spotify,https://api.spotify.com/v1/playlists/37i9dQZF1DWU4lunzhQdRx/tracks,50
